O*NET-SOC Code,Title,working_with_computers_raw_0_100,working_with_computers_norm,e_mail_raw_0_100,e_mail_norm,using_hands_raw_0_100,using_hands_norm,kneeling_raw_0_100,kneeling_norm,originality_raw_0_100,originality_norm,thinking_creatively_raw_0_100,thinking_creatively_norm,digit,physical,iprisk,soc_major_group,domain
15-1211.00,Computer Systems Analysts,99.0,0.9949238578680202,20.0,0.6666666666664693,20.002,0.666666666666864,20.0,0.5,50.0,0.54,65.75,0.6264044943820225,0.8307952622672448,0.5833333333334321,0.5832022471910112,15,S
15-1211.01,Health Informatics Specialists,94.0,0.9441624365482232,20.0,0.6666666666664693,20.0,0.33333333333372805,20.0,0.5,72.0,0.8333333333333334,82.25,0.8117977528089888,0.8054145516073463,0.416666666666864,0.8225655430711611,15,S
15-1212.00,Information Security Analysts,92.5,0.9289340101522842,20.0,0.6666666666664693,20.0,0.33333333333372805,20.0,0.5,50.0,0.54,64.0,0.6067415730337079,0.7978003384093768,0.416666666666864,0.573370786516854,15,S
15-1221.00,Computer and Information Research Scientists,99.25,0.99746192893401,20.0,0.6666666666664693,19.997999999999998,0.0,20.0,0.5,65.5,0.7466666666666667,88.25,0.8792134831460674,0.8320642978002397,0.25,0.8129400749063671,15,S
15-1231.00,Computer Network Support Specialists,98.75,0.9923857868020303,20.002000000000002,1.0,20.0,0.33333333333372805,20.0,0.5,40.5,0.4133333333333334,59.5,0.5561797752808989,0.9961928934010151,0.416666666666864,0.48475655430711617,15,S
15-1232.00,Computer User Support Specialists,94.5,0.9492385786802029,20.0,0.6666666666664693,19.997999999999998,0.0,20.002,0.749999999999778,47.0,0.5,62.74999999999999,0.5926966292134831,0.8079526226733361,0.374999999999889,0.5463483146067416,15,S
15-1241.00,Computer Network Architects,93.75,0.9416243654822334,20.0,0.6666666666664693,20.0,0.33333333333372805,20.0,0.5,50.0,0.54,61.25000000000001,0.5758426966292136,0.8041455160743514,0.416666666666864,0.5579213483146068,15,S
15-1241.01,Telecommunications Engineering Specialists,87.00000000000001,0.8730964467005077,20.0,0.6666666666664693,20.0,0.33333333333372805,19.997999999999998,0.24999999999977796,53.0,0.58,65.5,0.6235955056179775,0.7698815566834885,0.291666666666753,0.6017977528089887,15,S
15-1242.00,Database Administrators,95.75,0.9619289340101521,20.0,0.6666666666664693,20.0,0.33333333333372805,20.0,0.5,50.0,0.54,68.25,0.6544943820224719,0.8142978003383108,0.416666666666864,0.597247191011236,15,S
15-1243.00,Database Architects,94.0,0.9441624365482232,20.0,0.6666666666664693,19.997999999999998,0.0,20.0,0.5,50.0,0.54,72.5,0.702247191011236,0.8054145516073463,0.25,0.621123595505618,15,S
15-1243.01,Data Warehousing Specialists,99.0,0.9949238578680202,20.0,0.6666666666664693,20.0,0.33333333333372805,20.0,0.5,50.0,0.54,74.0,0.7191011235955056,0.8307952622672448,0.416666666666864,0.6295505617977528,15,S
15-1244.00,Network and Computer Systems Administrators,96.50000000000001,0.9695431472081218,20.0,0.6666666666664693,20.0,0.33333333333372805,20.0,0.5,53.0,0.58,63.24999999999999,0.598314606741573,0.8181049069372957,0.416666666666864,0.5891573033707864,15,S
15-1251.00,Computer Programmers,98.75,0.9923857868020303,20.0,0.6666666666664693,19.997999999999998,0.0,20.0,0.5,50.0,0.54,83.74999999999999,0.8286516853932583,0.8295262267342498,0.25,0.6843258426966292,15,S
15-1252.00,Software Developers,90.25000000000001,0.9060913705583756,20.0,0.6666666666664693,19.998,5.921189464667277e-13,20.0,0.5,53.0,0.58,83.25,0.8230337078651685,0.7863790186124224,0.25000000000029604,0.7015168539325842,15,S
15-1253.00,Software Quality Assurance Analysts and Testers,98.50000000000001,0.9898477157360406,20.0,0.6666666666664693,19.998,5.921189464667277e-13,20.0,0.5,50.0,0.54,71.25,0.6882022471910112,0.828257191201255,0.25000000000029604,0.6141011235955056,15,S
15-1254.00,Web Developers,97.0,0.9746192893401013,20.002000000000002,1.0,20.0,0.33333333333372805,20.0,0.5,53.0,0.58,84.5,0.8370786516853933,0.9873096446700507,0.416666666666864,0.7085393258426966,15,S
15-1255.01,Video Game Designers,96.24999999999999,0.9670050761421317,20.0,0.6666666666664693,20.0,0.33333333333372805,20.0,0.5,75.0,0.8733333333333333,97.50000000000001,0.9831460674157305,0.8168358714043005,0.416666666666864,0.928239700374532,15,S
15-1299.01,Web Administrators,97.50000000000001,0.9796954314720813,20.0,0.6666666666664693,20.0,0.33333333333372805,20.0,0.5,50.0,0.54,80.0,0.7865168539325843,0.8231810490692753,0.416666666666864,0.6632584269662922,15,S
15-1299.03,Document Management Specialists,88.75,0.8908629441624364,20.0,0.6666666666664693,20.0,0.33333333333372805,20.0,0.5,50.0,0.54,56.49999999999999,0.5224719101123595,0.7787648054144529,0.416666666666864,0.5312359550561798,15,S
15-1299.05,Information Security Engineers,97.24999999999999,0.9771573604060911,20.0,0.6666666666664693,20.0,0.33333333333372805,20.0,0.5,47.0,0.5,64.5,0.6123595505617978,0.8219120135362803,0.416666666666864,0.5561797752808989,15,S
15-1299.08,Computer Systems Engineers/Architects,92.0,0.9238578680203045,20.002,0.9999999999994079,20.0,0.33333333333372805,20.002000000000002,0.750000000000222,68.75,0.79,57.99999999999999,0.5393258426966291,0.9619289340098562,0.541666666666975,0.6646629213483146,15,S
15-1299.09,Information Technology Project Managers,87.99999999999999,0.8832487309644668,20.0,0.6666666666664693,20.002,0.666666666666864,20.0,0.5,56.25,0.6233333333333333,68.75,0.6601123595505618,0.774957698815468,0.5833333333334321,0.6417228464419475,15,S
15-2011.00,Actuaries,92.0,0.9238578680203045,20.0,0.6666666666664693,20.0,0.33333333333372805,20.0,0.5,47.0,0.5,60.75000000000001,0.5702247191011237,0.7952622673433869,0.416666666666864,0.5351123595505618,15,S
15-2021.00,Mathematicians,81.25,0.814720812182741,20.0,0.6666666666664693,20.0,0.33333333333372805,20.0,0.5,68.75,0.79,92.5,0.9269662921348315,0.7406937394246051,0.416666666666864,0.8584831460674158,15,S
15-2031.00,Operations Research Analysts,91.75,0.9213197969543145,20.0,0.6666666666664693,20.0,0.33333333333372805,20.0,0.5,65.5,0.7466666666666667,77.49999999999999,0.7584269662921347,0.7939932318103919,0.416666666666864,0.7525468164794007,15,S
15-2041.00,Statisticians,98.75,0.9923857868020303,20.0,0.6666666666664693,20.0,0.33333333333372805,20.0,0.5,50.0,0.54,75.0,0.7303370786516854,0.8295262267342498,0.416666666666864,0.6351685393258427,15,S
15-2041.01,Biostatisticians,91.25000000000001,0.916243654822335,20.002000000000002,1.0,20.002000000000002,0.6666666666674561,20.0,0.5,56.25,0.6233333333333333,64.25,0.6095505617977528,0.9581218274111676,0.583333333333728,0.616441947565543,15,S
15-2051.01,Business Intelligence Analysts,92.0,0.9238578680203045,20.0,0.6666666666664693,20.0,0.33333333333372805,20.0,0.5,53.0,0.58,69.25,0.6657303370786517,0.7952622673433869,0.416666666666864,0.6228651685393258,15,S
15-2051.02,Clinical Data Managers,92.5,0.9289340101522842,20.0,0.6666666666664693,20.0,0.33333333333372805,20.0,0.5,50.0,0.54,57.49999999999999,0.5337078651685393,0.7978003384093768,0.416666666666864,0.5368539325842696,15,S
15-2099.01,Bioinformatics Technicians,97.75,0.982233502538071,20.0,0.6666666666664693,20.0,0.33333333333372805,20.0,0.5,50.0,0.54,78.25,0.7668539325842697,0.8244500846022702,0.416666666666864,0.6534269662921348,15,S
17-1011.00,"Architects, Except Landscape and Naval",91.75,0.9213197969543145,20.0,0.6666666666664693,20.0,0.33333333333372805,20.0,0.5,75.0,0.8733333333333333,87.00000000000001,0.8651685393258428,0.7939932318103919,0.416666666666864,0.869250936329588,17,S
17-1012.00,Landscape Architects,77.49999999999999,0.7766497461928932,20.0,0.6666666666664693,20.0,0.33333333333372805,20.0,0.5,78.0,0.9133333333333333,87.5,0.8707865168539326,0.7216582064296813,0.416666666666864,0.892059925093633,17,S
17-1021.00,Cartographers and Photogrammetrists,92.25000000000001,0.9263959390862945,20.0,0.6666666666664693,20.002,0.666666666666864,20.0,0.5,50.0,0.54,71.5,0.6910112359550562,0.7965313028763819,0.5833333333334321,0.6155056179775281,17,S
17-1022.00,Surveyors,88.25,0.8857868020304567,20.0,0.6666666666664693,20.0,0.33333333333372805,20.0,0.5,47.0,0.5,63.24999999999999,0.598314606741573,0.776226734348463,0.416666666666864,0.5491573033707865,17,S
17-1022.01,Geodetic Surveyors,90.75,0.9111675126903552,20.0,0.6666666666664693,19.998,5.921189464667277e-13,20.0,0.5,47.0,0.5,60.25,0.5646067415730337,0.7889170896784123,0.25000000000029604,0.5323033707865168,17,S
17-2011.00,Aerospace Engineers,97.0,0.9746192893401013,20.0,0.6666666666664693,20.0,0.33333333333372805,20.0,0.5,59.5,0.6666666666666666,82.5,0.8146067415730337,0.8206429780032853,0.416666666666864,0.7406367041198502,17,S
17-2021.00,Agricultural Engineers,92.5,0.9289340101522842,20.0,0.6666666666664693,20.0,0.33333333333372805,20.0,0.5,59.5,0.6666666666666666,82.5,0.8146067415730337,0.7978003384093768,0.416666666666864,0.7406367041198502,17,S
17-2031.00,Bioengineers and Biomedical Engineers,92.5,0.9289340101522842,20.0,0.6666666666664693,20.0,0.33333333333372805,20.0,0.5,65.5,0.7466666666666667,81.5,0.8033707865168539,0.7978003384093768,0.416666666666864,0.7750187265917603,17,S
17-2041.00,Chemical Engineers,87.99999999999999,0.8832487309644668,20.0,0.6666666666664693,20.0,0.33333333333372805,20.0,0.5,62.5,0.7066666666666667,62.0,0.5842696629213483,0.774957698815468,0.416666666666864,0.6454681647940075,17,S
17-2051.00,Civil Engineers,77.49999999999999,0.7766497461928932,20.0,0.6666666666664693,20.0,0.33333333333372805,20.0,0.5,56.25,0.6233333333333333,64.25,0.6095505617977528,0.7216582064296813,0.416666666666864,0.616441947565543,17,S
17-2051.01,Transportation Engineers,86.25,0.865482233502538,20.0,0.6666666666664693,20.0,0.33333333333372805,20.0,0.5,56.25,0.6233333333333333,67.0,0.6404494382022472,0.7660744500845036,0.416666666666864,0.6318913857677902,17,S
17-2051.02,Water/Wastewater Engineers,85.25,0.8553299492385785,20.0,0.6666666666664693,20.0,0.33333333333372805,20.0,0.5,65.5,0.7466666666666667,66.25,0.6320224719101124,0.760998307952524,0.416666666666864,0.6893445692883895,17,S
17-2061.00,Computer Hardware Engineers,96.50000000000001,0.9695431472081218,20.0,0.6666666666664693,19.997999999999998,0.0,20.0,0.5,62.5,0.7066666666666667,84.5,0.8370786516853933,0.8181049069372957,0.25,0.77187265917603,17,S
17-2071.00,Electrical Engineers,98.0,0.9847715736040608,20.0,0.6666666666664693,20.002000000000002,0.6666666666674561,19.997999999999998,0.24999999999977796,56.25,0.6233333333333333,80.25,0.7893258426966292,0.825719120135265,0.45833333333361703,0.7063295880149812,17,S
17-2072.00,"Electronics Engineers, Except Computer",88.5,0.8883248730964466,20.002,0.9999999999994079,19.999999999999996,0.333333333333136,20.0,0.5,59.5,0.6666666666666666,71.0,0.6853932584269663,0.9441624365479273,0.416666666666568,0.6760299625468165,17,S
17-2072.01,Radio Frequency Identification Device Specialists,99.50000000000001,1.0,20.0,0.6666666666664693,20.0,0.33333333333372805,20.0,0.5,50.0,0.54,83.0,0.8202247191011236,0.8333333333332347,0.416666666666864,0.6801123595505618,17,S
17-2081.00,Environmental Engineers,84.5,0.847715736040609,20.0,0.6666666666664693,20.0,0.33333333333372805,20.0,0.5,65.5,0.7466666666666667,67.75,0.648876404494382,0.7571912013535391,0.416666666666864,0.6977715355805243,17,S
17-2111.02,Fire-Prevention and Protection Engineers,79.75000000000001,0.799492385786802,20.0,0.6666666666664693,20.002,0.666666666666864,20.0,0.5,56.25,0.6233333333333333,68.25,0.6544943820224719,0.7330795262266356,0.5833333333334321,0.6389138576779025,17,S
17-2112.00,Industrial Engineers,83.0,0.8324873096446699,20.0,0.6666666666664693,20.0,0.33333333333372805,20.002000000000002,0.750000000000222,56.25,0.6233333333333333,75.49999999999999,0.7359550561797751,0.7495769881555696,0.541666666666975,0.6796441947565541,17,S
17-2112.01,Human Factors Engineers and Ergonomists,80.25,0.8045685279187816,20.0,0.6666666666664693,20.0,0.33333333333372805,20.0,0.5,65.5,0.7466666666666667,71.25,0.6882022471910112,0.7356175972926255,0.416666666666864,0.7174344569288389,17,S
17-2112.02,Validation Engineers,82.0,0.8223350253807106,20.0,0.6666666666664693,20.0,0.33333333333372805,20.0,0.5,50.0,0.54,47.25,0.41853932584269665,0.74450084602359,0.416666666666864,0.4792696629213483,17,S
17-2112.03,Manufacturing Engineers,82.0,0.8223350253807106,20.0,0.6666666666664693,19.998,5.921189464667277e-13,20.0,0.5,65.5,0.7466666666666667,71.25,0.6882022471910112,0.74450084602359,0.25000000000029604,0.7174344569288389,17,S
17-2121.00,Marine Engineers and Naval Architects,75.0,0.7512690355329948,20.0,0.6666666666664693,20.0,0.33333333333372805,20.002,0.749999999999778,65.5,0.7466666666666667,67.75,0.648876404494382,0.7089678510997321,0.541666666666753,0.6977715355805243,17,S
17-2131.00,Materials Engineers,77.49999999999999,0.7766497461928932,20.0,0.6666666666664693,19.997999999999998,0.0,20.0,0.5,59.5,0.6666666666666666,79.75000000000001,0.7837078651685395,0.7216582064296813,0.25,0.7251872659176031,17,S
17-2141.00,Mechanical Engineers,93.0,0.9340101522842639,20.0,0.6666666666664693,20.002000000000002,0.6666666666674561,19.997999999999998,0.24999999999977796,59.5,0.6666666666666666,86.5,0.8595505617977528,0.8003384094753666,0.45833333333361703,0.7631086142322097,17,S
17-2141.01,Fuel Cell Engineers,75.0,0.7512690355329948,20.0,0.6666666666664693,20.0,0.33333333333372805,20.0,0.5,62.5,0.7066666666666667,71.5,0.6910112359550562,0.7089678510997321,0.416666666666864,0.6988389513108615,17,S
17-2141.02,Automotive Engineers,92.75,0.931472081218274,20.0,0.6666666666664693,20.002000000000002,0.6666666666674561,19.997999999999998,0.24999999999977796,72.0,0.8333333333333334,69.0,0.6629213483146067,0.7990693739423717,0.45833333333361703,0.74812734082397,17,S
17-2151.00,"Mining and Geological Engineers, Including Mining Safety Engineers",93.75,0.9416243654822334,20.0,0.6666666666664693,20.002000000000002,0.6666666666674561,19.997999999999998,0.24999999999977796,62.5,0.7066666666666667,63.5,0.601123595505618,0.8041455160743514,0.45833333333361703,0.6538951310861423,17,S
17-2161.00,Nuclear Engineers,87.5,0.8781725888324872,20.0,0.6666666666664693,19.998,5.921189464667277e-13,20.0,0.5,59.5,0.6666666666666666,67.75,0.648876404494382,0.7724196277494783,0.25000000000029604,0.6577715355805243,17,S
17-2171.00,Petroleum Engineers,85.75,0.8604060913705582,20.0,0.6666666666664693,19.997999999999998,0.0,19.998,0.25000000000022204,59.5,0.6666666666666666,77.75000000000001,0.7612359550561799,0.7635363790185138,0.12500000000011102,0.7139513108614233,17,S
17-2199.03,"Energy Engineers, Except Wind and Solar",87.5,0.8781725888324872,20.0,0.6666666666664693,20.002,0.666666666666864,20.0,0.5,56.25,0.6233333333333333,81.74999999999999,0.8061797752808987,0.7724196277494783,0.5833333333334321,0.7147565543071159,17,S
17-2199.05,Mechatronics Engineers,98.25,0.9873096446700507,20.0,0.6666666666664693,19.998,5.921189464667277e-13,20.0,0.5,59.5,0.6666666666666666,79.75000000000001,0.7837078651685395,0.82698815566826,0.25000000000029604,0.7251872659176031,17,S
17-2199.06,Microsystems Engineers,85.5,0.8578680203045684,20.0,0.6666666666664693,20.0,0.33333333333372805,20.0,0.5,62.5,0.7066666666666667,75.0,0.7303370786516854,0.762267343485519,0.416666666666864,0.7185018726591761,17,S
17-2199.07,Photonics Engineers,88.75,0.8908629441624364,20.0,0.6666666666664693,20.0,0.33333333333372805,20.0,0.5,68.75,0.79,79.25,0.7780898876404494,0.7787648054144529,0.416666666666864,0.7840449438202247,17,S
17-2199.08,Robotics Engineers,94.24999999999999,0.9467005076142129,19.997999999999998,0.3333333333329386,20.002000000000002,0.6666666666674561,20.002000000000002,0.750000000000222,72.0,0.8333333333333334,86.75,0.8623595505617978,0.6400169204735757,0.7083333333338391,0.8478464419475655,17,S
17-2199.09,Nanosystems Engineers,80.0,0.8020304568527917,20.0,0.6666666666664693,20.002,0.666666666666864,20.0,0.5,68.75,0.79,82.25,0.8117977528089888,0.7343485617596306,0.5833333333334321,0.8008988764044944,17,S
17-2199.10,Wind Energy Engineers,94.75,0.9517766497461928,20.0,0.6666666666664693,20.0,0.33333333333372805,20.0,0.5,53.0,0.58,58.5,0.5449438202247191,0.8092216582063311,0.416666666666864,0.5624719101123595,17,S
17-2199.11,Solar Energy Systems Engineers,74.0,0.7411167512690354,20.0,0.6666666666664693,20.0,0.33333333333372805,19.997999999999998,0.24999999999977796,62.5,0.7066666666666667,51.0,0.4606741573033708,0.7038917089677523,0.291666666666753,0.5836704119850187,17,S
17-3012.00,Electrical and Electronics Drafters,94.0,0.9441624365482232,19.997999999999998,0.3333333333329386,19.997999999999998,0.0,19.997999999999998,0.24999999999977796,47.0,0.5,53.25,0.4859550561797753,0.6387478849405809,0.12499999999988898,0.49297752808988765,17,S
17-3013.00,Mechanical Drafters,93.0,0.9340101522842639,20.0,0.6666666666664693,20.0,0.33333333333372805,20.000000000000004,0.5000000000004441,56.25,0.6233333333333333,75.49999999999999,0.7359550561797751,0.8003384094753666,0.41666666666708607,0.6796441947565541,17,S
17-3021.00,Aerospace Engineering and Operations Technologists and Technicians,85.5,0.8578680203045684,20.0,0.6666666666664693,19.998,5.921189464667277e-13,20.002,0.749999999999778,47.0,0.5,55.25,0.5084269662921348,0.762267343485519,0.375000000000185,0.5042134831460674,17,S
17-3022.00,Civil Engineering Technologists and Technicians,86.25,0.865482233502538,20.0,0.6666666666664693,20.0,0.33333333333372805,20.0,0.5,50.0,0.54,58.25,0.5421348314606742,0.7660744500845036,0.416666666666864,0.5410674157303371,17,S
17-3024.00,Electro-Mechanical and Mechatronics Technologists and Technicians,82.25,0.8248730964467004,20.0,0.6666666666664693,20.0,0.33333333333372805,20.0,0.5,50.0,0.54,59.0,0.550561797752809,0.7457698815565849,0.416666666666864,0.5452808988764045,17,S
17-3024.01,Robotics Technicians,89.75,0.9010152284263958,20.0,0.6666666666664693,20.002,0.666666666666864,20.002000000000002,0.750000000000222,50.0,0.54,66.0,0.6292134831460674,0.7838409475464325,0.7083333333335431,0.5846067415730337,17,S
17-3025.00,Environmental Engineering Technologists and Technicians,68.75,0.6878172588832486,20.0,0.6666666666664693,20.002000000000002,0.6666666666674561,20.002000000000002,0.750000000000222,50.0,0.54,47.25,0.41853932584269665,0.6772419627748589,0.7083333333338391,0.4792696629213483,17,S
17-3026.00,Industrial Engineering Technologists and Technicians,71.0,0.7106598984771573,20.0,0.6666666666664693,19.997999999999998,0.0,20.002000000000002,0.750000000000222,56.25,0.6233333333333333,75.25,0.7331460674157303,0.6886632825718133,0.375000000000111,0.6782397003745317,17,S
17-3026.01,Nanotechnology Engineering Technologists and Technicians,88.25,0.8857868020304567,20.0,0.6666666666664693,20.0,0.33333333333372805,20.0,0.5,53.0,0.58,65.75,0.6264044943820225,0.776226734348463,0.416666666666864,0.6032022471910112,17,S
17-3027.00,Mechanical Engineering Technologists and Technicians,70.5,0.7055837563451776,19.998,0.3333333333335307,20.0,0.33333333333372805,20.0,0.5,53.0,0.58,64.0,0.6067415730337079,0.5194585448393542,0.416666666666864,0.5933707865168539,17,S
17-3027.01,Automotive Engineering Technicians,87.00000000000001,0.8730964467005077,20.0,0.6666666666664693,20.0,0.33333333333372805,20.0,0.5,50.0,0.54,63.0,0.5955056179775281,0.7698815566834885,0.416666666666864,0.567752808988764,17,S
17-3029.01,Non-Destructive Testing Specialists,78.49999999999999,0.7868020304568525,20.0,0.6666666666664693,20.0,0.33333333333372805,20.0,0.5,37.5,0.3733333333333334,62.5,0.5898876404494382,0.7267343485616609,0.416666666666864,0.4816104868913858,17,S
17-3029.08,Photonics Technicians,75.0,0.7512690355329948,20.0,0.6666666666664693,20.0,0.33333333333372805,20.0,0.5,40.5,0.4133333333333334,54.50000000000001,0.5000000000000001,0.7089678510997321,0.416666666666864,0.4566666666666668,17,S
19-1011.00,Animal Scientists,87.00000000000001,0.8730964467005077,20.0,0.6666666666664693,20.0,0.33333333333372805,20.0,0.5,56.25,0.6233333333333333,81.0,0.797752808988764,0.7698815566834885,0.416666666666864,0.7105430711610486,19,S
19-1012.00,Food Scientists and Technologists,71.5,0.715736040609137,20.0,0.6666666666664693,20.002,0.666666666666864,20.0,0.5,65.5,0.7466666666666667,79.5,0.7808988764044944,0.6912013536378032,0.5833333333334321,0.7637827715355805,19,S
19-1013.00,Soil and Plant Scientists,90.5,0.9086294416243653,20.0,0.6666666666664693,20.002000000000002,0.6666666666674561,20.0,0.5,72.0,0.8333333333333334,76.25,0.7443820224719101,0.7876480541454174,0.583333333333728,0.7888576779026217,19,S
19-1021.00,Biochemists and Biophysicists,91.75,0.9213197969543145,20.0,0.6666666666664693,20.0,0.33333333333372805,20.0,0.5,68.75,0.79,93.75,0.9410112359550562,0.7939932318103919,0.416666666666864,0.8655056179775281,19,S
19-1022.00,Microbiologists,84.00000000000001,0.8426395939086294,20.0,0.6666666666664693,20.002,0.666666666666864,20.0,0.5,53.0,0.58,69.0,0.6629213483146067,0.7546531302875494,0.5833333333334321,0.6214606741573033,19,S
19-1023.00,Zoologists and Wildlife Biologists,86.25,0.865482233502538,20.0,0.6666666666664693,20.0,0.33333333333372805,20.0,0.5,56.25,0.6233333333333333,72.0,0.6966292134831461,0.7660744500845036,0.416666666666864,0.6599812734082398,19,S
19-1029.01,Bioinformatics Scientists,98.25,0.9873096446700507,20.0,0.6666666666664693,20.002000000000002,0.6666666666674561,20.0,0.5,68.75,0.79,92.5,0.9269662921348315,0.82698815566826,0.583333333333728,0.8584831460674158,19,S
19-1029.02,Molecular and Cellular Biologists,84.00000000000001,0.8426395939086294,20.002000000000002,1.0,20.0,0.33333333333372805,20.0,0.5,68.75,0.79,81.74999999999999,0.8061797752808987,0.9213197969543148,0.416666666666864,0.7980898876404494,19,S
19-1029.03,Geneticists,84.5,0.847715736040609,20.0,0.6666666666664693,20.0,0.33333333333372805,20.0,0.5,68.75,0.79,78.0,0.7640449438202247,0.7571912013535391,0.416666666666864,0.7770224719101124,19,S
19-1029.04,Biologists,91.25000000000001,0.916243654822335,20.0,0.6666666666664693,20.000000000000004,0.3333333333343202,20.0,0.5,53.0,0.58,76.0,0.7415730337078652,0.7914551607444023,0.4166666666671601,0.6607865168539326,19,S
19-1031.00,Conservation Scientists,85.75,0.8604060913705582,20.0,0.6666666666664693,20.0,0.33333333333372805,20.002,0.749999999999778,56.25,0.6233333333333333,62.0,0.5842696629213483,0.7635363790185138,0.541666666666753,0.6038014981273407,19,S
19-1031.02,Range Managers,67.75,0.6776649746192892,20.0,0.6666666666664693,19.997999999999998,0.0,20.0,0.5,56.25,0.6233333333333333,76.25,0.7443820224719101,0.6721658206428793,0.25,0.6838576779026218,19,S
19-1031.03,Park Naturalists,85.00000000000001,0.8527918781725888,20.0,0.6666666666664693,20.0,0.33333333333372805,20.0,0.5,53.0,0.58,83.25,0.8230337078651685,0.759729272419529,0.416666666666864,0.7015168539325842,19,S
19-1032.00,Foresters,73.75,0.7385786802030456,20.0,0.6666666666664693,19.997999999999998,0.0,19.998,0.25000000000022204,56.25,0.6233333333333333,56.99999999999999,0.5280898876404494,0.7026226734347575,0.12500000000011102,0.5757116104868913,19,S
19-1041.00,Epidemiologists,89.5,0.898477157360406,20.0,0.6666666666664693,20.0,0.33333333333372805,20.0,0.5,72.0,0.8333333333333334,77.75000000000001,0.7612359550561799,0.7825719120134377,0.416666666666864,0.7972846441947566,19,S
19-1042.00,"Medical Scientists, Except Epidemiologists",81.25,0.814720812182741,20.0,0.6666666666664693,20.0,0.33333333333372805,20.0,0.5,56.25,0.6233333333333333,83.0,0.8202247191011236,0.7406937394246051,0.416666666666864,0.7217790262172284,19,S
19-2011.00,Astronomers,97.75,0.982233502538071,20.0,0.6666666666664693,20.0,0.33333333333372805,20.0,0.5,68.75,0.79,79.25,0.7780898876404494,0.8244500846022702,0.416666666666864,0.7840449438202247,19,S
19-2012.00,Physicists,89.25,0.8959390862944161,20.0,0.6666666666664693,20.0,0.33333333333372805,20.0,0.5,78.0,0.9133333333333333,78.49999999999999,0.7696629213483145,0.7813028764804427,0.416666666666864,0.841498127340824,19,S
19-2021.00,Atmospheric and Space Scientists,94.75,0.9517766497461928,20.0,0.6666666666664693,20.0,0.33333333333372805,20.0,0.5,50.0,0.54,71.0,0.6853932584269663,0.8092216582063311,0.416666666666864,0.6126966292134832,19,S
19-2031.00,Chemists,70.5,0.7055837563451776,20.0,0.6666666666664693,20.0,0.33333333333372805,20.0,0.5,50.0,0.54,58.5,0.5449438202247191,0.6861252115058234,0.416666666666864,0.5424719101123596,19,S
19-2032.00,Materials Scientists,79.75000000000001,0.799492385786802,20.0,0.6666666666664693,20.0,0.33333333333372805,20.0,0.5,56.25,0.6233333333333333,76.25,0.7443820224719101,0.7330795262266356,0.416666666666864,0.6838576779026218,19,S
19-2041.00,"Environmental Scientists and Specialists, Including Health",85.5,0.8578680203045684,20.0,0.6666666666664693,20.0,0.33333333333372805,20.0,0.5,53.0,0.58,50.5,0.4550561797752809,0.762267343485519,0.416666666666864,0.5175280898876404,19,S
19-2041.01,Climate Change Policy Analysts,80.5,0.8071065989847714,20.0,0.6666666666664693,20.002,0.666666666666864,20.0,0.5,53.0,0.58,66.25,0.6320224719101124,0.7368866328256204,0.5833333333334321,0.6060112359550562,19,S
19-2041.02,Environmental Restoration Planners,86.25,0.865482233502538,20.0,0.6666666666664693,20.0,0.33333333333372805,20.0,0.5,53.0,0.58,72.5,0.702247191011236,0.7660744500845036,0.416666666666864,0.641123595505618,19,S
19-2041.03,Industrial Ecologists,88.75,0.8908629441624364,20.0,0.6666666666664693,20.0,0.33333333333372805,20.0,0.5,59.5,0.6666666666666666,71.75,0.6938202247191011,0.7787648054144529,0.416666666666864,0.6802434456928839,19,S
19-2042.00,"Geoscientists, Except Hydrologists and Geographers",86.00000000000001,0.8629441624365483,20.0,0.6666666666664693,19.997999999999998,0.0,20.0,0.5,53.0,0.58,81.25,0.800561797752809,0.7648054145515089,0.25,0.6902808988764044,19,S
19-2043.00,Hydrologists,90.99999999999999,0.9137055837563449,20.0,0.6666666666664693,20.002,0.666666666666864,20.0,0.5,56.25,0.6233333333333333,73.75,0.7162921348314607,0.7901861252114071,0.5833333333334321,0.6698127340823969,19,S
19-2099.01,Remote Sensing Scientists and Technologists,95.0,0.9543147208121826,20.0,0.6666666666664693,20.0,0.33333333333372805,20.0,0.5,59.5,0.6666666666666666,78.0,0.7640449438202247,0.8104906937393259,0.416666666666864,0.7153558052434457,19,S
19-3011.00,Economists,93.75,0.9416243654822334,20.0,0.6666666666664693,20.002000000000002,0.6666666666674561,20.0,0.5,53.0,0.58,78.0,0.7640449438202247,0.8041455160743514,0.583333333333728,0.6720224719101123,19,S
19-3011.01,Environmental Economists,90.75,0.9111675126903552,20.0,0.6666666666664693,19.998,5.921189464667277e-13,20.0,0.5,56.25,0.6233333333333333,72.25,0.699438202247191,0.7889170896784123,0.25000000000029604,0.6613857677902621,19,S
19-3022.00,Survey Researchers,94.0,0.9441624365482232,20.0,0.6666666666664693,20.0,0.33333333333372805,20.0,0.5,53.0,0.58,74.0,0.7191011235955056,0.8054145516073463,0.416666666666864,0.6495505617977528,19,S
19-3032.00,Industrial-Organizational Psychologists,88.99999999999999,0.8934010152284261,20.0,0.6666666666664693,20.0,0.33333333333372805,20.0,0.5,72.0,0.8333333333333334,66.0,0.6292134831460674,0.7800338409474477,0.416666666666864,0.7312734082397003,19,S
19-3033.00,Clinical and Counseling Psychologists,56.99999999999999,0.5685279187817257,20.0,0.6666666666664693,19.999999999999996,0.333333333333136,20.0,0.5,59.5,0.6666666666666666,72.0,0.6966292134831461,0.6175972927240976,0.416666666666568,0.6816479400749064,19,S
19-3034.00,School Psychologists,53.25,0.530456852791878,20.0,0.6666666666664693,20.000000000000004,0.3333333333343202,20.0,0.5,50.0,0.54,56.99999999999999,0.5280898876404494,0.5985617597291737,0.4166666666671601,0.5340449438202247,19,S
19-3039.02,Neuropsychologists,77.0,0.7715736040609136,20.0,0.6666666666664693,20.002000000000002,0.6666666666674561,20.0,0.5,53.0,0.58,58.25,0.5421348314606742,0.7191201353636915,0.583333333333728,0.561067415730337,19,S
19-3039.03,Clinical Neuropsychologists,79.25,0.7944162436548222,20.0,0.6666666666664693,20.002000000000002,0.6666666666674561,20.0,0.5,53.0,0.58,57.25,0.5308988764044944,0.7305414551606457,0.583333333333728,0.5554494382022472,19,S
19-3041.00,Sociologists,84.25,0.8451776649746192,20.0,0.6666666666664693,20.0,0.33333333333372805,20.0,0.5,53.0,0.58,83.74999999999999,0.8286516853932583,0.7559221658205443,0.416666666666864,0.7043258426966291,19,S
19-3051.00,Urban and Regional Planners,77.0,0.7715736040609136,20.0,0.6666666666664693,20.0,0.33333333333372805,20.0,0.5,56.25,0.6233333333333333,80.0,0.7865168539325843,0.7191201353636915,0.416666666666864,0.7049250936329587,19,S
19-3091.00,Anthropologists and Archeologists,83.74999999999999,0.8401015228426393,20.0,0.6666666666664693,20.0,0.33333333333372805,20.0,0.5,53.0,0.58,78.75000000000001,0.7724719101123597,0.7533840947545543,0.416666666666864,0.6762359550561798,19,S
19-3092.00,Geographers,88.75,0.8908629441624364,20.0,0.6666666666664693,20.0,0.33333333333372805,20.0,0.5,53.0,0.58,75.0,0.7303370786516854,0.7787648054144529,0.416666666666864,0.6551685393258426,19,S
19-3093.00,Historians,82.74999999999999,0.82994923857868,19.997999999999998,0.3333333333329386,20.0,0.33333333333372805,20.0,0.5,47.0,0.5,51.74999999999999,0.46910112359550554,0.5816412859558093,0.416666666666864,0.4845505617977528,19,S
19-3094.00,Political Scientists,80.0,0.8020304568527917,20.0,0.6666666666664693,20.0,0.33333333333372805,20.0,0.5,53.0,0.58,80.75000000000001,0.7949438202247192,0.7343485617596306,0.416666666666864,0.6874719101123596,19,S
19-3099.01,Transportation Planners,86.25,0.865482233502538,20.0,0.6666666666664693,20.0,0.33333333333372805,20.0,0.5,65.5,0.7466666666666667,76.25,0.7443820224719101,0.7660744500845036,0.416666666666864,0.7455243445692884,19,S
19-4012.00,Agricultural Technicians,56.25,0.5609137055837563,19.997999999999998,0.3333333333329386,20.0,0.33333333333372805,20.0,0.5,50.0,0.54,46.75,0.41292134831460675,0.44712351945834744,0.416666666666864,0.4764606741573034,19,S
19-4012.01,Precision Agriculture Technicians,85.75,0.8604060913705582,20.0,0.6666666666664693,20.002000000000002,0.6666666666674561,20.002,0.749999999999778,50.0,0.54,66.0,0.6292134831460674,0.7635363790185138,0.708333333333617,0.5846067415730337,19,S
19-4013.00,Food Science Technicians,80.5,0.8071065989847714,20.0,0.6666666666664693,20.0,0.33333333333372805,20.0,0.5,31.25,0.29000000000000004,41.0,0.34831460674157305,0.7368866328256204,0.416666666666864,0.3191573033707865,19,S
19-4021.00,Biological Technicians,77.49999999999999,0.7766497461928932,20.0,0.6666666666664693,20.0,0.33333333333372805,20.0,0.5,47.0,0.5,54.75,0.5028089887640449,0.7216582064296813,0.416666666666864,0.5014044943820224,19,S
19-4031.00,Chemical Technicians,78.49999999999999,0.7868020304568525,20.0,0.6666666666664693,20.002,0.666666666666864,20.000000000000004,0.5000000000004441,50.0,0.54,43.75,0.3792134831460674,0.7267343485616609,0.5833333333336541,0.4596067415730337,19,S
19-4042.00,"Environmental Science and Protection Technicians, Including Health",71.25,0.7131979695431471,20.0,0.6666666666664693,20.0,0.33333333333372805,20.002,0.749999999999778,47.0,0.5,45.25,0.3960674157303371,0.6899323181048083,0.541666666666753,0.44803370786516855,19,S
19-4051.02,Nuclear Monitoring Technicians,71.75,0.7182741116751268,20.0,0.6666666666664693,19.997999999999998,0.0,20.0,0.5,50.0,0.54,52.0,0.47191011235955055,0.6924703891707981,0.25,0.5059550561797753,19,S
19-4061.00,Social Science Research Assistants,93.25000000000001,0.9365482233502538,20.0,0.6666666666664693,20.002000000000002,0.6666666666674561,20.0,0.5,50.0,0.54,55.50000000000001,0.5112359550561798,0.8016074450083616,0.583333333333728,0.5256179775280899,19,S
19-4071.00,Forest and Conservation Technicians,66.75,0.6675126903553299,20.0,0.6666666666664693,20.0,0.33333333333372805,19.999999999999996,0.4999999999995559,50.0,0.54,59.25,0.5533707865168539,0.6670896785108996,0.416666666666642,0.546685393258427,19,S
19-4092.00,Forensic Science Technicians,74.75,0.7487309644670049,20.0,0.6666666666664693,20.0,0.33333333333372805,19.998,0.25000000000022204,47.0,0.5,34.0,0.2696629213483146,0.7076988155667372,0.29166666666697505,0.3848314606741573,19,S
19-4099.01,Quality Control Analysts,74.0,0.7411167512690354,20.0,0.6666666666664693,20.0,0.33333333333372805,20.002000000000002,0.750000000000222,47.0,0.5,38.5,0.3202247191011236,0.7038917089677523,0.541666666666975,0.4101123595505618,19,S
19-4099.03,Remote Sensing Technicians,91.25000000000001,0.916243654822335,20.0,0.6666666666664693,20.0,0.33333333333372805,20.0,0.5,56.25,0.6233333333333333,64.25,0.6095505617977528,0.7914551607444023,0.416666666666864,0.616441947565543,19,S
19-5011.00,Occupational Health and Safety Specialists,79.5,0.796954314720812,20.0,0.6666666666664693,20.0,0.33333333333372805,20.0,0.5,50.0,0.54,59.0,0.550561797752809,0.7318104906936407,0.416666666666864,0.5452808988764045,19,S
19-5012.00,Occupational Health and Safety Technicians,78.49999999999999,0.7868020304568525,20.0,0.6666666666664693,20.0,0.33333333333372805,20.002,0.749999999999778,50.0,0.54,63.0,0.5955056179775281,0.7267343485616609,0.541666666666753,0.567752808988764,19,S
27-1011.00,Art Directors,89.25,0.8959390862944161,20.0,0.6666666666664693,20.0,0.33333333333372805,20.0,0.5,81.25,0.9566666666666667,98.75,0.9971910112359551,0.7813028764804427,0.416666666666864,0.9769288389513109,27,A
27-1012.00,Craft Artists,52.25,0.5203045685279187,20.002000000000002,1.0,20.002,0.666666666666864,20.0,0.5,78.0,0.9133333333333333,90.25000000000001,0.9016853932584271,0.7601522842639594,0.5833333333334321,0.9075093632958802,27,A
27-1013.00,"Fine Artists, Including Painters, Sculptors, and Illustrators",61.5,0.6142131979695431,20.0,0.6666666666664693,20.0,0.33333333333372805,20.0,0.5,84.5,1.0,95.0,0.9550561797752809,0.6404399323180062,0.416666666666864,0.9775280898876404,27,A
27-1014.00,Special Effects Artists and Animators,96.0,0.964467005076142,20.0,0.6666666666664693,20.0,0.33333333333372805,20.0,0.5,62.5,0.7066666666666667,95.5,0.9606741573033708,0.8155668358713057,0.416666666666864,0.8336704119850187,27,A
27-1021.00,Commercial and Industrial Designers,84.5,0.847715736040609,20.0,0.6666666666664693,20.0,0.33333333333372805,20.0,0.5,72.0,0.8333333333333334,74.25,0.7219101123595506,0.7571912013535391,0.416666666666864,0.7776217228464419,27,A
27-1022.00,Fashion Designers,73.25,0.7335025380710659,20.002000000000002,1.0,20.0,0.33333333333372805,20.002,0.749999999999778,81.25,0.9566666666666667,95.0,0.9550561797752809,0.866751269035533,0.541666666666753,0.9558614232209738,27,A
27-1023.00,Floral Designers,50.24999999999999,0.49999999999999983,20.002,0.9999999999994079,20.002,0.666666666666864,20.0,0.5,65.5,0.7466666666666667,71.75,0.6938202247191011,0.7499999999997039,0.5833333333334321,0.7202434456928839,27,A
27-1024.00,Graphic Designers,93.75,0.9416243654822334,20.0,0.6666666666664693,20.0,0.33333333333372805,20.0,0.5,75.0,0.8733333333333333,97.50000000000001,0.9831460674157305,0.8041455160743514,0.416666666666864,0.928239700374532,27,A
27-1025.00,Interior Designers,85.5,0.8578680203045684,20.0,0.6666666666664693,20.0,0.33333333333372805,20.0,0.5,78.0,0.9133333333333333,94.5,0.949438202247191,0.762267343485519,0.416666666666864,0.9313857677902622,27,A
27-1026.00,Merchandise Displayers and Window Trimmers,55.00000000000001,0.5482233502538071,20.0,0.6666666666664693,20.002000000000002,0.6666666666674561,19.997999999999998,0.24999999999977796,56.25,0.6233333333333333,82.0,0.8089887640449438,0.6074450084601382,0.45833333333361703,0.7161610486891385,27,A
27-1027.00,Set and Exhibit Designers,72.5,0.7258883248730963,20.0,0.6666666666664693,20.002000000000002,0.6666666666674561,19.997999999999998,0.24999999999977796,72.0,0.8333333333333334,95.24999999999999,0.9578651685393257,0.6962774957697828,0.45833333333361703,0.8955992509363295,27,A
27-2011.00,Actors,24.25,0.2360406091370558,20.0,0.6666666666664693,20.0,0.33333333333372805,20.0,0.5,68.75,0.79,85.25,0.8455056179775281,0.4513536379017626,0.416666666666864,0.817752808988764,27,A
27-2012.00,Producers and Directors,85.00000000000001,0.8527918781725888,20.0,0.6666666666664693,20.0,0.33333333333372805,20.0,0.5,68.75,0.79,89.75,0.8960674157303371,0.759729272419529,0.416666666666864,0.8430337078651686,27,A
27-2012.03,Media Programming Directors,84.25,0.8451776649746192,20.0,0.6666666666664693,20.002,0.666666666666864,20.0,0.5,68.75,0.79,88.99999999999999,0.8876404494382021,0.7559221658205443,0.5833333333334321,0.838820224719101,27,A
27-2012.04,Talent Directors,62.25000000000001,0.6218274111675127,20.0,0.6666666666664693,20.002000000000002,0.6666666666674561,20.0,0.5,65.5,0.7466666666666667,79.5,0.7808988764044944,0.644247038916991,0.583333333333728,0.7637827715355805,27,A
27-2012.05,Media Technical Directors/Managers,80.25,0.8045685279187816,20.0,0.6666666666664693,20.0,0.33333333333372805,20.0,0.5,59.5,0.6666666666666666,71.0,0.6853932584269663,0.7356175972926255,0.416666666666864,0.6760299625468165,27,A
27-2021.00,Athletes and Sports Competitors,34.25,0.3375634517766497,20.0,0.6666666666664693,20.0,0.33333333333372805,20.0,0.5,47.0,0.5,59.75,0.5589887640449438,0.5021150592215595,0.416666666666864,0.5294943820224719,27,A
27-2022.00,Coaches and Scouts,66.0,0.6598984771573603,19.998,0.3333333333335307,19.997999999999998,0.0,20.0,0.5,72.0,0.8333333333333334,74.75,0.7275280898876404,0.4966159052454455,0.25,0.7804307116104869,27,A
27-2023.00,"Umpires, Referees, and Other Sports Officials",34.5,0.34010152284263956,20.002000000000002,1.0,20.0,0.33333333333372805,19.997999999999998,0.24999999999977796,21.999999999999996,0.16666666666666666,26.249999999999996,0.18258426966292135,0.6700507614213198,0.291666666666753,0.17462546816479402,27,A
27-2031.00,Dancers,4.749999999999998,0.038071065989847684,19.997999999999998,0.3333333333329386,20.002,0.666666666666864,20.0,0.5,47.0,0.5,58.75,0.547752808988764,0.18570219966139312,0.5833333333334321,0.523876404494382,27,A
27-2032.00,Choreographers,34.5,0.34010152284263956,20.0,0.6666666666664693,19.997999999999998,0.0,20.002,0.749999999999778,75.0,0.8733333333333333,96.50000000000001,0.9719101123595507,0.5033840947545545,0.374999999999889,0.922621722846442,27,A
27-2041.00,Music Directors and Composers,65.25,0.6522842639593908,19.997999999999998,0.3333333333329386,20.002000000000002,0.6666666666674561,20.0,0.5,68.75,0.79,87.00000000000001,0.8651685393258428,0.49280879864616467,0.583333333333728,0.8275842696629214,27,A
27-2042.00,Musicians and Singers,20.5,0.1979695431472081,20.0,0.6666666666664693,20.0,0.33333333333372805,20.0,0.5,59.5,0.6666666666666666,69.0,0.6629213483146067,0.43231810490683875,0.416666666666864,0.6647940074906367,27,A
27-3011.00,Broadcast Announcers and Radio Disc Jockeys,69.0,0.6903553299492384,20.0,0.6666666666664693,19.997999999999998,0.0,20.0,0.5,68.75,0.79,91.75,0.9185393258426966,0.6785109983078539,0.25,0.8542696629213483,27,A
27-3031.00,Public Relations Specialists,81.0,0.8121827411167512,20.0,0.6666666666664693,20.002,0.666666666666864,20.0,0.5,68.75,0.79,86.25,0.8567415730337079,0.7394247038916102,0.5833333333334321,0.823370786516854,27,A
27-3041.00,Editors,89.25,0.8959390862944161,20.0,0.6666666666664693,19.998,5.921189464667277e-13,20.0,0.5,62.5,0.7066666666666667,76.75,0.75,0.7813028764804427,0.25000000000029604,0.7283333333333333,27,A
27-3042.00,Technical Writers,90.25000000000001,0.9060913705583756,20.0,0.6666666666664693,20.0,0.33333333333372805,20.0,0.5,47.0,0.5,64.25,0.6095505617977528,0.7863790186124224,0.416666666666864,0.5547752808988764,27,A
27-3043.00,Writers and Authors,60.25,0.6015228426395938,20.0,0.6666666666664693,19.998,5.921189464667277e-13,20.002000000000002,0.750000000000222,72.0,0.8333333333333334,70.75,0.6825842696629213,0.6340947546530316,0.37500000000040706,0.7579588014981273,27,A
27-3043.05,"Poets, Lyricists and Creative Writers",71.25,0.7131979695431471,20.0,0.6666666666664693,20.0,0.33333333333372805,20.0,0.5,78.0,0.9133333333333333,95.24999999999999,0.9578651685393257,0.6899323181048083,0.416666666666864,0.9355992509363296,27,A
27-3091.00,Interpreters and Translators,56.49999999999999,0.563451776649746,20.0,0.6666666666664693,20.0,0.33333333333372805,20.0,0.5,50.0,0.54,63.5,0.601123595505618,0.6150592216581077,0.416666666666864,0.570561797752809,27,A
27-3092.00,Court Reporters and Simultaneous Captioners,90.99999999999999,0.9137055837563449,20.0,0.6666666666664693,20.002,0.666666666666864,20.0,0.5,21.999999999999996,0.16666666666666666,9.999999999999998,0.0,0.7901861252114071,0.5833333333334321,0.08333333333333333,27,A
27-4011.00,Audio and Video Technicians,88.5,0.8883248730964466,20.0,0.6666666666664693,20.0,0.33333333333372805,20.002,0.749999999999778,47.0,0.5,78.75000000000001,0.7724719101123597,0.777495769881458,0.541666666666753,0.6362359550561798,27,A
27-4012.00,Broadcast Technicians,89.5,0.898477157360406,20.0,0.6666666666664693,20.002000000000002,0.6666666666674561,20.0,0.5,50.0,0.54,59.75,0.5589887640449438,0.7825719120134377,0.583333333333728,0.5494943820224719,27,A
27-4014.00,Sound Engineering Technicians,98.0,0.9847715736040608,20.0,0.6666666666664693,20.0,0.33333333333372805,20.0,0.5,59.5,0.6666666666666666,94.0,0.9438202247191011,0.825719120135265,0.416666666666864,0.8052434456928839,27,A
27-4021.00,Photographers,92.0,0.9238578680203045,20.0,0.6666666666664693,20.002,0.666666666666864,20.002,0.749999999999778,72.0,0.8333333333333334,89.75,0.8960674157303371,0.7952622673433869,0.708333333333321,0.8647003745318352,27,A
27-4031.00,"Camera Operators, Television, Video, and Film",82.25,0.8248730964467004,20.0,0.6666666666664693,19.998,5.921189464667277e-13,20.0,0.5,53.0,0.58,89.99999999999999,0.8988764044943819,0.7457698815565849,0.25000000000029604,0.7394382022471909,27,A
27-4032.00,Film and Video Editors,96.75,0.9720812182741115,20.0,0.6666666666664693,20.0,0.33333333333372805,20.0,0.5,62.5,0.7066666666666667,93.25000000000001,0.9353932584269664,0.8193739424702904,0.416666666666864,0.8210299625468165,27,A
47-1011.00,First-Line Supervisors of Construction Trades and Extraction Workers,44.49999999999999,0.4416243654822334,20.0,0.6666666666664693,20.0,0.33333333333372805,19.997999999999998,0.24999999999977796,47.0,0.5,63.5,0.601123595505618,0.5541455160743514,0.291666666666753,0.550561797752809,47,T
47-1011.03,Solar Energy Installation Managers,54.25,0.5406091370558375,20.0,0.6666666666664693,20.002,0.666666666666864,20.0,0.5,47.0,0.5,53.25,0.4859550561797753,0.6036379018611534,0.5833333333334321,0.49297752808988765,47,T
47-2011.00,Boilermakers,53.75,0.5355329949238578,20.0,0.6666666666664693,20.002000000000002,0.6666666666674561,20.002,0.749999999999778,28.000000000000004,0.24666666666666676,43.00000000000001,0.37078651685393266,0.6010998307951636,0.708333333333617,0.3087265917602997,47,T
47-2021.00,Brickmasons and Blockmasons,19.25,0.18527918781725886,20.0,0.6666666666664693,20.0,0.33333333333372805,20.002,0.749999999999778,40.5,0.4133333333333334,51.74999999999999,0.46910112359550554,0.4259729272418641,0.541666666666753,0.44121722846441946,47,T
47-2022.00,Stonemasons,26.749999999999996,0.26142131979695427,20.0,0.6666666666664693,20.0,0.33333333333372805,20.002000000000002,0.750000000000222,43.75,0.45666666666666667,66.75,0.6376404494382022,0.4640439932317118,0.541666666666975,0.5471535580524345,47,T
47-2031.00,Carpenters,40.75,0.4035532994923857,20.0,0.6666666666664693,20.0,0.33333333333372805,19.998,0.25000000000022204,47.0,0.5,62.74999999999999,0.5926966292134831,0.5351099830794275,0.29166666666697505,0.5463483146067416,47,T
47-2041.00,Carpet Installers,8.750000000000002,0.07868020304568528,20.0,0.6666666666664693,20.0,0.33333333333372805,20.0,0.5,31.25,0.29000000000000004,50.5,0.4550561797752809,0.3726734348560773,0.416666666666864,0.37252808988764047,47,T
47-2042.00,"Floor Layers, Except Carpet, Wood, and Hard Tiles",20.25,0.19543147208121825,20.0,0.6666666666664693,20.0,0.33333333333372805,19.998,0.25000000000022204,40.75,0.41666666666666674,57.49999999999999,0.5337078651685393,0.4310490693738438,0.29166666666697505,0.475187265917603,47,T
47-2043.00,Floor Sanders and Finishers,25.249999999999993,0.24619289340101513,20.0,0.6666666666664693,20.0,0.33333333333372805,20.0,0.5,25.0,0.20666666666666672,61.25000000000001,0.5758426966292136,0.45642978003374224,0.416666666666864,0.3912546816479402,47,T
47-2044.00,Tile and Stone Setters,8.000000000000002,0.07106598984771574,20.0,0.6666666666664693,20.0,0.33333333333372805,20.002000000000002,0.750000000000222,43.75,0.45666666666666667,64.75,0.6151685393258427,0.36886632825709254,0.541666666666975,0.5359176029962547,47,T
47-2051.00,Cement Masons and Concrete Finishers,25.249999999999993,0.24619289340101513,20.002000000000002,1.0,20.0,0.33333333333372805,20.0,0.5,28.000000000000004,0.24666666666666676,51.24999999999999,0.46348314606741564,0.6230964467005076,0.416666666666864,0.3550749063670412,47,T
47-2053.00,Terrazzo Workers and Finishers,14.750000000000002,0.1395939086294416,20.0,0.6666666666664693,20.0,0.33333333333372805,20.0,0.5,25.0,0.20666666666666672,50.74999999999999,0.45786516853932574,0.40313028764795544,0.416666666666864,0.33226591760299623,47,T
47-2061.00,Construction Laborers,31.25,0.30710659898477155,20.0,0.6666666666664693,20.0,0.33333333333372805,20.0,0.5,25.0,0.20666666666666672,63.5,0.601123595505618,0.48688663282562045,0.416666666666864,0.4038951310861424,47,T
47-2071.00,"Paving, Surfacing, and Tamping Equipment Operators",29.000000000000004,0.28426395939086296,20.002000000000002,1.0,20.0,0.33333333333372805,20.0,0.5,21.999999999999996,0.16666666666666666,54.75,0.5028089887640449,0.6421319796954315,0.416666666666864,0.33473782771535576,47,T
47-2072.00,Pile Driver Operators,27.749999999999996,0.27157360406091363,20.002000000000002,1.0,20.0,0.33333333333372805,20.0,0.5,21.999999999999996,0.16666666666666666,60.0,0.5617977528089888,0.6357868020304568,0.416666666666864,0.3642322097378277,47,T
47-2073.00,Operating Engineers and Other Construction Equipment Operators,36.25000000000001,0.35786802030456855,20.0,0.6666666666664693,20.0,0.33333333333372805,19.997999999999998,0.24999999999977796,28.000000000000004,0.24666666666666676,52.25,0.4747191011235955,0.512267343485519,0.291666666666753,0.3606928838951311,47,T
47-2081.00,Drywall and Ceiling Tile Installers,9.250000000000004,0.083756345177665,20.000000000000004,0.6666666666670614,20.0,0.33333333333372805,20.0,0.5,31.25,0.29000000000000004,41.75,0.35674157303370785,0.3752115059223632,0.416666666666864,0.3233707865168539,47,T
47-2082.00,Tapers,1.7500000000000016,0.007614213197969549,20.0,0.6666666666664693,20.0,0.33333333333372805,19.997999999999998,0.24999999999977796,25.0,0.20666666666666672,37.0,0.30337078651685395,0.3371404399322194,0.291666666666753,0.25501872659176034,47,T
47-2111.00,Electricians,34.0,0.33502538071065985,20.002,0.9999999999994079,20.0,0.33333333333372805,20.0,0.5,47.0,0.5,68.5,0.6573033707865169,0.6675126903550339,0.416666666666864,0.5786516853932584,47,T
47-2121.00,Glaziers,25.249999999999993,0.24619289340101513,20.0,0.6666666666664693,20.002000000000002,0.6666666666674561,20.0,0.5,31.25,0.29000000000000004,61.75000000000001,0.5814606741573034,0.45642978003374224,0.583333333333728,0.4357303370786517,47,T
47-2131.00,"Insulation Workers, Floor, Ceiling, and Wall",14.500000000000002,0.13705583756345174,20.0,0.6666666666664693,20.0,0.33333333333372805,20.002,0.749999999999778,34.5,0.33333333333333337,47.25,0.41853932584269665,0.40186125211496054,0.541666666666753,0.37593632958801504,47,T
47-2132.00,"Insulation Workers, Mechanical",21.250000000000004,0.20558375634517767,20.002000000000002,1.0,20.0,0.33333333333372805,20.0,0.5,31.25,0.29000000000000004,57.99999999999999,0.5393258426966291,0.6027918781725888,0.416666666666864,0.41466292134831456,47,T
47-2141.00,"Painters, Construction and Maintenance",15.500000000000004,0.1472081218274112,20.0,0.6666666666664693,20.0,0.33333333333372805,20.002000000000002,0.750000000000222,25.0,0.20666666666666672,63.5,0.601123595505618,0.40693739424694025,0.541666666666975,0.4038951310861424,47,T
47-2142.00,Paperhangers,22.749999999999996,0.2208121827411167,20.002000000000002,1.0,20.0,0.33333333333372805,20.0,0.5,25.0,0.20666666666666672,41.25,0.351123595505618,0.6104060913705583,0.416666666666864,0.2788951310861424,47,T
47-2151.00,Pipelayers,27.500000000000004,0.26903553299492383,20.0,0.6666666666664693,20.0,0.33333333333372805,19.997999999999998,0.24999999999977796,25.0,0.20666666666666672,41.75,0.35674157303370785,0.4678510998306966,0.291666666666753,0.2817041198501873,47,T
47-2152.00,"Plumbers, Pipefitters, and Steamfitters",35.0,0.3451776649746192,20.0,0.6666666666664693,20.0,0.33333333333372805,19.997999999999998,0.24999999999977796,37.5,0.3733333333333334,58.5,0.5449438202247191,0.5059221658205443,0.291666666666753,0.45913857677902625,47,T
47-2152.04,Solar Thermal Installers and Technicians,41.5,0.4111675126903553,20.002000000000002,1.0,20.0,0.33333333333372805,20.002,0.749999999999778,47.0,0.5,74.25,0.7219101123595506,0.7055837563451777,0.541666666666753,0.6109550561797753,47,T
47-2161.00,Plasterers and Stucco Masons,30.75,0.30203045685279184,20.0,0.6666666666664693,20.0,0.33333333333372805,20.0,0.5,43.75,0.45666666666666667,57.75,0.5365168539325843,0.4843485617596306,0.416666666666864,0.4965917602996255,47,T
47-2171.00,Reinforcing Iron and Rebar Workers,19.75,0.19035532994923854,19.997999999999998,0.3333333333329386,20.0,0.33333333333372805,20.0,0.5,28.000000000000004,0.24666666666666676,45.25,0.3960674157303371,0.26184433164108856,0.416666666666864,0.3213670411985019,47,T
47-2181.00,Roofers,29.000000000000004,0.28426395939086296,20.0,0.6666666666664693,20.0,0.33333333333372805,20.0,0.5,31.25,0.29000000000000004,57.75,0.5365168539325843,0.4754653130286661,0.416666666666864,0.41325842696629217,47,T
47-2211.00,Sheet Metal Workers,37.5,0.3705583756345177,20.0,0.6666666666664693,20.0,0.33333333333372805,20.0,0.5,37.5,0.3733333333333334,57.49999999999999,0.5337078651685393,0.5186125211504935,0.416666666666864,0.45352059925093635,47,T
47-2221.00,Structural Iron and Steel Workers,9.749999999999998,0.08883248730964462,20.002000000000002,1.0,20.0,0.33333333333372805,20.002,0.749999999999778,43.75,0.45666666666666667,49.0,0.43820224719101125,0.5444162436548223,0.541666666666753,0.447434456928839,47,T
47-2231.00,Solar Photovoltaic Installers,42.50000000000001,0.4213197969543147,20.0,0.6666666666664693,19.998,5.921189464667277e-13,20.0,0.5,34.5,0.33333333333333337,49.25000000000001,0.44101123595505626,0.543993231810392,0.25000000000029604,0.38717228464419484,47,T
47-3011.00,"Helpers--Brickmasons, Blockmasons, Stonemasons, and Tile and Marble Setters",10.749999999999998,0.09898477157360401,20.0,0.6666666666664693,20.0,0.33333333333372805,20.0,0.5,25.0,0.20666666666666672,54.0,0.4943820224719101,0.38282571912003666,0.416666666666864,0.3505243445692884,47,T
47-3012.00,Helpers--Carpenters,21.500000000000004,0.20812182741116753,20.0,0.6666666666664693,20.0,0.33333333333372805,20.0,0.5,37.5,0.3733333333333334,63.74999999999999,0.6039325842696628,0.43739424703881846,0.416666666666864,0.4886329588014981,47,T
47-3013.00,Helpers--Electricians,43.50000000000001,0.43147208121827413,20.0,0.6666666666664693,20.0,0.33333333333372805,19.998,0.25000000000022204,31.25,0.29000000000000004,70.25,0.6769662921348315,0.5490693739423718,0.29166666666697505,0.48348314606741577,47,T
47-3014.00,"Helpers--Painters, Paperhangers, Plasterers, and Stucco Masons",1.0000000000000009,0.0,20.0,0.6666666666664693,20.0,0.33333333333372805,20.0,0.5,28.249999999999996,0.25,31.25,0.23876404494382023,0.33333333333323467,0.416666666666864,0.2443820224719101,47,T
47-3015.00,"Helpers--Pipelayers, Plumbers, Pipefitters, and Steamfitters",27.749999999999996,0.27157360406091363,20.0,0.6666666666664693,20.0,0.33333333333372805,20.0,0.5,28.000000000000004,0.24666666666666676,74.75,0.7275280898876404,0.46912013536369146,0.416666666666864,0.4870973782771536,47,T
47-3016.00,Helpers--Roofers,42.75,0.4238578680203045,19.997999999999998,0.3333333333329386,20.0,0.33333333333372805,19.997999999999998,0.24999999999977796,31.25,0.29000000000000004,67.75,0.648876404494382,0.37859560067662157,0.291666666666753,0.469438202247191,47,T
47-4011.00,Construction and Building Inspectors,76.0,0.7614213197969542,20.0,0.6666666666664693,20.0,0.33333333333372805,20.0,0.5,43.75,0.45666666666666667,48.0,0.42696629213483145,0.7140439932317117,0.416666666666864,0.4418164794007491,47,T
47-4011.01,Energy Auditors,80.25,0.8045685279187816,20.0,0.6666666666664693,20.0,0.33333333333372805,20.0,0.5,50.0,0.54,52.75,0.4803370786516854,0.7356175972926255,0.416666666666864,0.5101685393258427,47,T
47-4021.00,Elevator and Escalator Installers and Repairers,58.5,0.5837563451776648,20.0,0.6666666666664693,20.0,0.33333333333372805,20.0,0.5,43.75,0.45666666666666667,37.74999999999999,0.3117977528089887,0.6252115059220671,0.416666666666864,0.3842322097378277,47,T
47-4031.00,Fence Erectors,26.0,0.25380710659898476,20.0,0.6666666666664693,20.002,0.666666666666864,20.0,0.5,21.999999999999996,0.16666666666666666,37.0,0.30337078651685395,0.46023688663272705,0.5833333333334321,0.23501872659176032,47,T
47-4041.00,Hazardous Materials Removal Workers,40.0,0.3959390862944162,20.002000000000002,1.0,20.0,0.33333333333372805,19.998,0.25000000000022204,43.75,0.45666666666666667,50.74999999999999,0.45786516853932574,0.6979695431472082,0.29166666666697505,0.4572659176029962,47,T
47-4051.00,Highway Maintenance Workers,50.24999999999999,0.49999999999999983,19.997999999999998,0.3333333333329386,20.0,0.33333333333372805,20.002000000000002,0.750000000000222,28.000000000000004,0.24666666666666676,60.25,0.5646067415730337,0.41666666666646923,0.541666666666975,0.4056367041198502,47,T
47-4061.00,Rail-Track Laying and Maintenance Equipment Operators,27.0,0.2639593908629441,19.999999999999996,0.6666666666658772,19.998,5.921189464667277e-13,20.0,0.5,31.25,0.29000000000000004,64.5,0.6123595505617978,0.4653130287644106,0.25000000000029604,0.4511797752808989,47,T
47-4071.00,Septic Tank Servicers and Sewer Pipe Cleaners,14.750000000000002,0.1395939086294416,20.0,0.6666666666664693,20.0,0.33333333333372805,20.0,0.5,31.25,0.29000000000000004,48.0,0.42696629213483145,0.40313028764795544,0.416666666666864,0.3584831460674157,47,T
47-4091.00,Segmental Pavers,9.000000000000002,0.08121827411167512,20.0,0.6666666666664693,20.0,0.33333333333372805,20.0,0.5,40.5,0.4133333333333334,57.25,0.5308988764044944,0.37394247038907225,0.416666666666864,0.47211610486891387,47,T
47-4099.03,Weatherization Installers and Technicians,55.75,0.5558375634517766,20.0,0.6666666666664693,20.0,0.33333333333372805,20.0,0.5,34.5,0.33333333333333337,56.75,0.5252808988764045,0.611252115059123,0.416666666666864,0.42930711610486894,47,T
47-5011.00,"Derrick Operators, Oil and Gas",35.5,0.3502538071065989,20.0,0.6666666666664693,20.0,0.33333333333372805,20.0,0.5,31.25,0.29000000000000004,36.0,0.29213483146067415,0.5084602368865341,0.416666666666864,0.2910674157303371,47,T
47-5012.00,"Rotary Drill Operators, Oil and Gas",15.999999999999998,0.1522842639593908,19.998,0.3333333333335307,20.0,0.33333333333372805,20.0,0.5,37.5,0.3733333333333334,55.75,0.5140449438202247,0.24280879864646077,0.416666666666864,0.44368913857677905,47,T
47-5013.00,"Service Unit Operators, Oil and Gas",30.500000000000004,0.29949238578680204,20.0,0.6666666666664693,20.0,0.33333333333372805,20.0,0.5,40.5,0.4133333333333334,55.50000000000001,0.5112359550561798,0.4830795262266357,0.416666666666864,0.46228464419475657,47,T
47-5022.00,"Excavating and Loading Machine and Dragline Operators, Surface Mining",23.0,0.22335025380710657,19.998,0.3333333333335307,20.0,0.33333333333372805,20.000000000000004,0.5000000000004441,25.0,0.20666666666666672,59.75,0.5589887640449438,0.27834179357031863,0.41666666666708607,0.3828277153558053,47,T
47-5023.00,"Earth Drillers, Except Oil and Gas",19.75,0.19035532994923854,20.0,0.6666666666664693,20.0,0.33333333333372805,19.998,0.25000000000022204,34.5,0.33333333333333337,57.99999999999999,0.5393258426966291,0.42851099830785394,0.29166666666697505,0.43632958801498123,47,T
47-5032.00,"Explosives Workers, Ordnance Handling Experts, and Blasters",35.5,0.3502538071065989,20.0,0.6666666666664693,20.0,0.33333333333372805,20.0,0.5,47.0,0.5,62.5,0.5898876404494382,0.5084602368865341,0.416666666666864,0.5449438202247191,47,T
47-5041.00,Continuous Mining Machine Operators,21.250000000000004,0.20558375634517767,20.0,0.6666666666664693,20.0,0.33333333333372805,20.0,0.5,28.000000000000004,0.24666666666666676,48.0,0.42696629213483145,0.4361252115058235,0.416666666666864,0.3368164794007491,47,T
47-5043.00,"Roof Bolters, Mining",10.499999999999998,0.09644670050761417,20.0,0.6666666666664693,20.0,0.33333333333372805,20.002000000000002,0.750000000000222,28.000000000000004,0.24666666666666676,34.25,0.27247191011235955,0.38155668358704176,0.541666666666975,0.25956928838951315,47,T
47-5044.00,"Loading and Moving Machine Operators, Underground Mining",13.25,0.12436548223350252,20.0,0.6666666666664693,20.0,0.33333333333372805,19.997999999999998,0.24999999999977796,25.0,0.20666666666666672,37.0,0.30337078651685395,0.39551607444998593,0.291666666666753,0.25501872659176034,47,T
47-5051.00,"Rock Splitters, Quarry",15.999999999999998,0.1522842639593908,20.0,0.6666666666664693,20.0,0.33333333333372805,20.0,0.5,25.0,0.20666666666666672,37.5,0.3089887640449438,0.40947546531293005,0.416666666666864,0.2578277153558053,47,T
47-5071.00,"Roustabouts, Oil and Gas",24.25,0.2360406091370558,20.0,0.6666666666664693,19.998,5.921189464667277e-13,20.0,0.5,25.0,0.20666666666666672,61.75000000000001,0.5814606741573034,0.4513536379017626,0.25000000000029604,0.3940636704119851,47,T
47-5081.00,Helpers--Extraction Workers,30.25,0.29695431472081213,20.002,0.9999999999994079,20.002,0.666666666666864,19.997999999999998,0.24999999999977796,34.5,0.33333333333333337,60.75000000000001,0.5702247191011237,0.64847715736011,0.458333333333321,0.45177902621722854,47,T
49-1011.00,"First-Line Supervisors of Mechanics, Installers, and Repairers",70.5,0.7055837563451776,20.002000000000002,1.0,19.997999999999998,0.0,19.996,0.0,43.75,0.45666666666666667,67.75,0.648876404494382,0.8527918781725887,0.0,0.5527715355805243,49,T
49-2011.00,"Computer, Automated Teller, and Office Machine Repairers",77.75000000000001,0.7791878172588833,19.997999999999998,0.3333333333329386,20.0,0.33333333333372805,20.0,0.5,43.75,0.45666666666666667,54.75,0.5028089887640449,0.5562605752959109,0.416666666666864,0.4797378277153558,49,T
49-2021.00,"Radio, Cellular, and Tower Equipment Installers and Repairers",75.25,0.7538071065989846,20.0,0.6666666666664693,19.999999999999996,0.333333333333136,20.0,0.5,34.5,0.33333333333333337,70.25,0.6769662921348315,0.710236886632727,0.416666666666568,0.5051498127340824,49,T
49-2022.00,"Telecommunications Equipment Installers and Repairers, Except Line Installers",86.00000000000001,0.8629441624365483,20.0,0.6666666666664693,20.002,0.666666666666864,20.0,0.5,43.75,0.45666666666666667,59.75,0.5589887640449438,0.7648054145515089,0.5833333333334321,0.5078277153558053,49,T
49-2091.00,Avionics Technicians,78.75000000000001,0.7893401015228426,20.0,0.6666666666664693,20.0,0.33333333333372805,20.0,0.5,47.0,0.5,55.25,0.5084269662921348,0.728003384094656,0.416666666666864,0.5042134831460674,49,T
49-2092.00,"Electric Motor, Power Tool, and Related Repairers",48.0,0.4771573604060913,20.0,0.6666666666664693,20.0,0.33333333333372805,20.0,0.5,43.75,0.45666666666666667,61.25000000000001,0.5758426966292136,0.5719120135362803,0.416666666666864,0.5162546816479401,49,T
49-2093.00,"Electrical and Electronics Installers and Repairers, Transportation Equipment",68.5,0.6852791878172588,20.0,0.6666666666664693,20.0,0.33333333333372805,20.0,0.5,34.5,0.33333333333333337,62.74999999999999,0.5926966292134831,0.6759729272418641,0.416666666666864,0.46301498127340823,49,T
49-2094.00,"Electrical and Electronics Repairers, Commercial and Industrial Equipment",79.0,0.7918781725888324,19.997999999999998,0.3333333333329386,20.0,0.33333333333372805,20.0,0.5,50.0,0.54,61.75000000000001,0.5814606741573034,0.5626057529608854,0.416666666666864,0.5607303370786517,49,T
49-2095.00,"Electrical and Electronics Repairers, Powerhouse, Substation, and Relay",73.25,0.7335025380710659,19.998,0.3333333333335307,20.0,0.33333333333372805,20.0,0.5,43.75,0.45666666666666667,55.25,0.5084269662921348,0.5334179357022983,0.416666666666864,0.48254681647940073,49,T
49-2096.00,"Electronic Equipment Installers and Repairers, Motor Vehicles",74.0,0.7411167512690354,20.0,0.6666666666664693,20.0,0.33333333333372805,20.002000000000002,0.750000000000222,47.0,0.5,69.75,0.6713483146067416,0.7038917089677523,0.541666666666975,0.5856741573033708,49,T
49-2097.00,Audiovisual Equipment Installers and Repairers,79.75000000000001,0.799492385786802,20.002,0.9999999999994079,20.0,0.33333333333372805,20.0,0.5,43.75,0.45666666666666667,66.5,0.6348314606741573,0.899746192893105,0.416666666666864,0.545749063670412,49,T
49-2098.00,Security and Fire Alarm Systems Installers,75.25,0.7538071065989846,20.002000000000002,1.0,20.0,0.33333333333372805,20.002000000000002,0.750000000000222,40.5,0.4133333333333334,56.49999999999999,0.5224719101123595,0.8769035532994923,0.541666666666975,0.46790262172284647,49,T
49-3011.00,Aircraft Mechanics and Service Technicians,61.0,0.6091370558375634,20.0,0.6666666666664693,20.0,0.33333333333372805,20.0,0.5,47.0,0.5,61.25000000000001,0.5758426966292136,0.6379018612520164,0.416666666666864,0.5379213483146068,49,T
49-3021.00,Automotive Body and Related Repairers,45.75,0.45431472081218266,20.0,0.6666666666664693,20.0,0.33333333333372805,20.0,0.5,47.0,0.5,68.0,0.651685393258427,0.560490693739326,0.416666666666864,0.5758426966292135,49,T
49-3022.00,Automotive Glass Installers and Repairers,26.249999999999996,0.25634517766497456,20.0,0.6666666666664693,20.0,0.33333333333372805,20.0,0.5,25.0,0.20666666666666672,50.74999999999999,0.45786516853932574,0.46150592216572195,0.416666666666864,0.33226591760299623,49,T
49-3023.00,Automotive Service Technicians and Mechanics,66.25,0.6624365482233502,20.002000000000002,1.0,20.0,0.33333333333372805,20.0,0.5,40.5,0.4133333333333334,51.74999999999999,0.46910112359550554,0.8312182741116751,0.416666666666864,0.44121722846441946,49,T
49-3031.00,Bus and Truck Mechanics and Diesel Engine Specialists,65.0,0.649746192893401,20.0,0.6666666666664693,20.0,0.33333333333372805,20.0,0.5,40.5,0.4133333333333334,53.75,0.49157303370786515,0.6582064297799352,0.416666666666864,0.45245318352059927,49,T
49-3041.00,Farm Equipment Mechanics and Service Technicians,70.25,0.7030456852791878,20.0,0.6666666666664693,20.0,0.33333333333372805,20.0,0.5,28.000000000000004,0.24666666666666676,56.99999999999999,0.5280898876404494,0.6848561759728286,0.416666666666864,0.3873782771535581,49,T
49-3042.00,"Mobile Heavy Equipment Mechanics, Except Engines",61.0,0.6091370558375634,20.0,0.6666666666664693,20.0,0.33333333333372805,20.0,0.5,43.75,0.45666666666666667,68.0,0.651685393258427,0.6379018612520164,0.416666666666864,0.5541760299625469,49,T
49-3043.00,Rail Car Repairers,28.749999999999996,0.281725888324873,20.0,0.6666666666664693,20.0,0.33333333333372805,19.997999999999998,0.24999999999977796,43.75,0.45666666666666667,55.00000000000001,0.50561797752809,0.47419627749567117,0.291666666666753,0.48114232209737834,49,T
49-3051.00,Motorboat Mechanics and Service Technicians,49.25000000000001,0.48984771573604063,20.002000000000002,1.0,20.0,0.33333333333372805,20.0,0.5,34.5,0.33333333333333337,45.49999999999999,0.39887640449438194,0.7449238578680203,0.416666666666864,0.36610486891385763,49,T
49-3052.00,Motorcycle Mechanics,69.25,0.6928934010152283,19.997999999999998,0.3333333333329386,20.0,0.33333333333372805,20.0,0.5,50.0,0.54,67.0,0.6404494382022472,0.5131133671740835,0.416666666666864,0.5902247191011236,49,T
49-3053.00,Outdoor Power Equipment and Other Small Engine Mechanics,67.75,0.6776649746192892,19.997999999999998,0.3333333333329386,20.0,0.33333333333372805,20.0,0.5,40.5,0.4133333333333334,48.25000000000001,0.4297752808988765,0.5054991539761139,0.416666666666864,0.421554307116105,49,T
49-3091.00,Bicycle Repairers,47.25,0.46954314720812174,19.998,0.3333333333335307,20.0,0.33333333333372805,20.002000000000002,0.750000000000222,43.75,0.45666666666666667,45.75,0.40168539325842695,0.4014382402708262,0.541666666666975,0.4291760299625468,49,T
49-3092.00,Recreational Vehicle Service Technicians,41.75,0.41370558375634514,20.002000000000002,1.0,19.997999999999998,0.0,20.0,0.5,40.5,0.4133333333333334,51.5,0.46629213483146065,0.7068527918781726,0.25,0.439812734082397,49,T
49-3093.00,Tire Repairers and Changers,39.24999999999999,0.3883248730964466,20.0,0.6666666666664693,20.0,0.33333333333372805,20.0,0.5,28.000000000000004,0.24666666666666676,51.74999999999999,0.46910112359550554,0.527495769881458,0.416666666666864,0.35788389513108615,49,T
49-9011.00,Mechanical Door Repairers,28.000000000000004,0.27411167512690354,20.0,0.6666666666664693,19.998,5.921189464667277e-13,19.999999999999996,0.4999999999995559,40.5,0.4133333333333334,57.75,0.5365168539325843,0.4703891708966864,0.250000000000074,0.4749250936329589,49,T
49-9012.00,"Control and Valve Installers and Repairers, Except Mechanical Door",63.0,0.6294416243654821,20.0,0.6666666666664693,20.0,0.33333333333372805,20.0,0.5,47.0,0.5,53.25,0.4859550561797753,0.6480541455159757,0.416666666666864,0.49297752808988765,49,T
49-9021.00,"Heating, Air Conditioning, and Refrigeration Mechanics and Installers",43.00000000000001,0.4263959390862944,20.0,0.6666666666664693,19.997999999999998,0.0,20.002,0.749999999999778,43.75,0.45666666666666667,60.75000000000001,0.5702247191011237,0.5465313028763819,0.374999999999889,0.5134456928838952,49,T
49-9031.00,Home Appliance Repairers,48.25000000000001,0.4796954314720812,20.002000000000002,1.0,20.0,0.33333333333372805,19.997999999999998,0.24999999999977796,47.0,0.5,44.25,0.3848314606741573,0.7398477157360406,0.291666666666753,0.44241573033707865,49,T
49-9041.00,Industrial Machinery Mechanics,60.5,0.6040609137055837,20.0,0.6666666666664693,20.0,0.33333333333372805,20.002,0.749999999999778,40.5,0.4133333333333334,62.74999999999999,0.5926966292134831,0.6353637901860265,0.541666666666753,0.5030149812734083,49,T
49-9043.00,"Maintenance Workers, Machinery",50.74999999999999,0.5050761421319796,20.0,0.6666666666664693,20.0,0.33333333333372805,19.997999999999998,0.24999999999977796,31.25,0.29000000000000004,57.75,0.5365168539325843,0.5858714043992245,0.291666666666753,0.41325842696629217,49,T
49-9044.00,Millwrights,43.99999999999999,0.4365482233502537,20.0,0.6666666666664693,20.0,0.33333333333372805,20.0,0.5,40.5,0.4133333333333334,60.25,0.5646067415730337,0.5516074450083615,0.416666666666864,0.48897003745318357,49,T
49-9045.00,"Refractory Materials Repairers, Except Brickmasons",17.75,0.17005076142131978,20.0,0.6666666666664693,20.0,0.33333333333372805,20.0,0.5,31.25,0.29000000000000004,43.75,0.3792134831460674,0.4183587140438946,0.416666666666864,0.3346067415730337,49,T
49-9051.00,Electrical Power-Line Installers and Repairers,26.249999999999996,0.25634517766497456,20.002,0.9999999999994079,19.997999999999998,0.0,20.002000000000002,0.750000000000222,37.5,0.3733333333333334,45.49999999999999,0.39887640449438194,0.6281725888321912,0.375000000000111,0.38610486891385765,49,T
49-9052.00,Telecommunications Line Installers and Repairers,72.0,0.7208121827411167,20.0,0.6666666666664693,20.0,0.33333333333372805,20.0,0.5,37.5,0.3733333333333334,60.25,0.5646067415730337,0.693739424703793,0.416666666666864,0.46897003745318355,49,T
49-9061.00,Camera and Photographic Equipment Repairers,64.25,0.6421319796954313,20.0,0.6666666666664693,20.0,0.33333333333372805,20.0,0.5,43.75,0.45666666666666667,60.75000000000001,0.5702247191011237,0.6543993231809504,0.416666666666864,0.5134456928838952,49,T
49-9062.00,Medical Equipment Repairers,69.5,0.6954314720812181,20.0,0.6666666666664693,20.0,0.33333333333372805,19.999999999999996,0.4999999999995559,37.5,0.3733333333333334,44.49999999999999,0.3876404494382022,0.6810490693738438,0.416666666666642,0.3804868913857678,49,T
49-9063.00,Musical Instrument Repairers and Tuners,43.25,0.4289340101522842,20.0,0.6666666666664693,20.0,0.33333333333372805,20.0,0.5,40.5,0.4133333333333334,68.25,0.6544943820224719,0.5478003384093768,0.416666666666864,0.5339138576779027,49,T
49-9064.00,Watch and Clock Repairers,27.500000000000004,0.26903553299492383,19.998,0.3333333333335307,20.0,0.33333333333372805,20.002000000000002,0.750000000000222,40.5,0.4133333333333334,54.50000000000001,0.5000000000000001,0.30118443316422727,0.541666666666975,0.4566666666666668,49,T
49-9071.00,"Maintenance and Repair Workers, General",60.75000000000001,0.6065989847715736,20.002000000000002,1.0,20.0,0.33333333333372805,20.0,0.5,34.5,0.33333333333333337,73.25,0.7106741573033708,0.8032994923857868,0.416666666666864,0.5220037453183521,49,T
49-9081.00,Wind Turbine Service Technicians,72.25,0.7233502538071065,20.0,0.6666666666664693,20.0,0.33333333333372805,20.0,0.5,43.75,0.45666666666666667,51.74999999999999,0.46910112359550554,0.6950084602367879,0.416666666666864,0.4628838951310861,49,T
49-9091.00,"Coin, Vending, and Amusement Machine Servicers and Repairers",46.5,0.4619289340101522,20.0,0.6666666666664693,19.998,5.921189464667277e-13,19.999999999999996,0.4999999999995559,25.0,0.20666666666666672,32.99999999999999,0.25842696629213474,0.5642978003383108,0.250000000000074,0.23254681647940073,49,T
49-9092.00,Commercial Divers,33.25,0.3274111675126903,20.002,0.9999999999994079,20.002000000000002,0.6666666666674561,20.0,0.5,50.0,0.54,56.00000000000001,0.5168539325842697,0.663705583756049,0.583333333333728,0.5284269662921348,49,T
49-9094.00,Locksmiths and Safe Repairers,64.5,0.6446700507614213,20.0,0.6666666666664693,20.0,0.33333333333372805,20.002000000000002,0.750000000000222,31.25,0.29000000000000004,73.0,0.7078651685393258,0.6556683587139454,0.541666666666975,0.4989325842696629,49,T
49-9095.00,Manufactured Building and Mobile Home Installers,29.000000000000004,0.28426395939086296,20.0,0.6666666666664693,20.002000000000002,0.6666666666674561,20.0,0.5,53.25,0.5833333333333334,64.25,0.6095505617977528,0.4754653130286661,0.583333333333728,0.5964419475655431,49,T
49-9096.00,Riggers,33.75,0.33248730964467,19.998,0.3333333333335307,20.0,0.33333333333372805,20.0,0.5,34.5,0.33333333333333337,46.0,0.4044943820224719,0.3329103214891004,0.416666666666864,0.36891385767790263,49,T
49-9097.00,Signal and Track Switch Repairers,42.25,0.4187817258883248,20.0,0.6666666666664693,20.0,0.33333333333372805,20.002000000000002,0.750000000000222,25.0,0.20666666666666672,31.000000000000007,0.23595505617977536,0.5427241962773971,0.541666666666975,0.22131086142322104,49,T
49-9098.00,"Helpers--Installation, Maintenance, and Repair Workers",27.500000000000004,0.26903553299492383,20.0,0.6666666666664693,19.997999999999998,0.0,19.999999999999996,0.4999999999995559,25.0,0.20666666666666672,49.25000000000001,0.44101123595505626,0.4678510998306966,0.24999999999977796,0.3238389513108615,49,T
49-9099.01,Geothermal Technicians,63.5,0.6345177664974618,20.0,0.6666666666664693,20.0,0.33333333333372805,19.999999999999996,0.4999999999995559,43.75,0.45666666666666667,55.75,0.5140449438202247,0.6505922165819655,0.416666666666642,0.4853558052434457,49,T
51-1011.00,First-Line Supervisors of Production and Operating Workers,68.25,0.6827411167512689,19.997999999999998,0.3333333333329386,20.0,0.33333333333372805,20.002000000000002,0.750000000000222,53.0,0.58,65.75,0.6264044943820225,0.5080372250421037,0.541666666666975,0.6032022471910112,51,T
51-2011.00,"Aircraft Structure, Surfaces, Rigging, and Systems Assemblers",51.5,0.5126903553299491,19.998,0.3333333333335307,20.0,0.33333333333372805,20.0,0.5,34.5,0.33333333333333337,68.0,0.651685393258427,0.4230118443317399,0.416666666666864,0.4925093632958802,51,T
51-2021.00,"Coil Winders, Tapers, and Finishers",35.5,0.3502538071065989,20.0,0.6666666666664693,20.0,0.33333333333372805,20.0,0.5,18.75,0.12333333333333338,39.24999999999999,0.32865168539325834,0.5084602368865341,0.416666666666864,0.22599250936329585,51,T
51-2022.00,Electrical and Electronic Equipment Assemblers,44.25,0.4390862944162436,20.0,0.6666666666664693,20.0,0.33333333333372805,20.002000000000002,0.750000000000222,28.000000000000004,0.24666666666666676,43.25,0.37359550561797755,0.5528764805413564,0.541666666666975,0.31013108614232215,51,T
51-2023.00,Electromechanical Equipment Assemblers,49.5,0.4923857868020304,19.997999999999998,0.3333333333329386,20.0,0.33333333333372805,20.0,0.5,25.0,0.20666666666666672,40.25,0.3398876404494382,0.4128595600674845,0.416666666666864,0.2732771535580525,51,T
51-2031.00,Engine and Other Machine Assemblers,46.5,0.4619289340101522,19.997999999999998,0.3333333333329386,20.002000000000002,0.6666666666674561,20.0,0.5,31.25,0.29000000000000004,50.24999999999999,0.4522471910112359,0.3976311336715454,0.583333333333728,0.37112359550561796,51,T
51-2041.00,Structural Metal Fabricators and Fitters,36.75000000000001,0.36294416243654826,20.0,0.6666666666664693,20.0,0.33333333333372805,20.0,0.5,25.0,0.20666666666666672,56.00000000000001,0.5168539325842697,0.5148054145515089,0.416666666666864,0.3617602996254682,51,T
51-2051.00,Fiberglass Laminators and Fabricators,23.25,0.2258883248730964,19.998,0.3333333333335307,20.002,0.666666666666864,20.002000000000002,0.750000000000222,40.5,0.4133333333333334,49.5,0.4438202247191011,0.2796108291033136,0.7083333333335431,0.42857677902621727,51,T
51-2061.00,Timing Device Assemblers and Adjusters,43.50000000000001,0.43147208121827413,20.0,0.6666666666664693,20.002000000000002,0.6666666666674561,20.0,0.5,31.25,0.29000000000000004,57.49999999999999,0.5337078651685393,0.5490693739423718,0.583333333333728,0.41185393258426967,51,T
51-2092.00,Team Assemblers,47.0,0.46700507614213194,20.0,0.6666666666664693,20.0,0.33333333333372805,19.997999999999998,0.24999999999977796,31.25,0.29000000000000004,38.5,0.3202247191011236,0.5668358714043007,0.291666666666753,0.3051123595505618,51,T
51-3011.00,Bakers,34.0,0.33502538071065985,20.002000000000002,1.0,20.0,0.33333333333372805,20.0,0.5,43.75,0.45666666666666667,46.0,0.4044943820224719,0.6675126903553299,0.416666666666864,0.4305805243445693,51,T
51-3021.00,Butchers and Meat Cutters,37.5,0.3705583756345177,20.0,0.6666666666664693,20.0,0.33333333333372805,20.0,0.5,28.000000000000004,0.24666666666666676,47.25,0.41853932584269665,0.5186125211504935,0.416666666666864,0.3326029962546817,51,T
51-3022.00,"Meat, Poultry, and Fish Cutters and Trimmers",27.0,0.2639593908629441,20.0,0.6666666666664693,19.997999999999998,0.0,20.0,0.5,25.0,0.20666666666666672,45.75,0.40168539325842695,0.4653130287647067,0.25,0.30417602996254683,51,T
51-3023.00,Slaughterers and Meat Packers,12.5,0.11675126903553298,20.0,0.6666666666664693,20.0,0.33333333333372805,20.0,0.5,21.999999999999996,0.16666666666666666,31.25,0.23876404494382023,0.3917089678510012,0.416666666666864,0.20271535580524344,51,T
51-3091.00,"Food and Tobacco Roasting, Baking, and Drying Machine Operators and Tenders",59.5,0.5939086294416243,20.0,0.6666666666664693,20.0,0.33333333333372805,19.996000000000002,4.4408920984991434e-13,28.000000000000004,0.24666666666666676,44.25,0.3848314606741573,0.6302876480540468,0.16666666666708607,0.315749063670412,51,T
51-3092.00,Food Batchmakers,62.0,0.6192893401015227,20.0,0.6666666666664693,20.0,0.33333333333372805,20.0,0.5,25.0,0.20666666666666672,46.5,0.4101123595505618,0.642978003383996,0.416666666666864,0.3083895131086143,51,T
51-3093.00,Food Cooking Machine Operators and Tenders,39.75,0.39340101522842635,20.0,0.6666666666664693,20.002,0.666666666666864,19.997999999999998,0.24999999999977796,25.0,0.20666666666666672,33.5,0.2640449438202247,0.5300338409474479,0.458333333333321,0.2353558052434457,51,T
51-4021.00,"Extruding and Drawing Machine Setters, Operators, and Tenders, Metal and Plastic",51.24999999999999,0.5101522842639592,20.0,0.6666666666664693,20.0,0.33333333333372805,20.0,0.5,31.25,0.29000000000000004,47.5,0.42134831460674155,0.5884094754652143,0.416666666666864,0.3556741573033708,51,T
51-4022.00,"Forging Machine Setters, Operators, and Tenders, Metal and Plastic",54.0,0.5380710659898477,20.002,0.9999999999994079,20.0,0.33333333333372805,20.002000000000002,0.750000000000222,31.25,0.29000000000000004,60.25,0.5646067415730337,0.7690355329946278,0.541666666666975,0.42730337078651687,51,T
51-4023.00,"Rolling Machine Setters, Operators, and Tenders, Metal and Plastic",55.25,0.5507614213197969,19.998,0.3333333333335307,20.0,0.33333333333372805,20.0,0.5,31.25,0.29000000000000004,50.0,0.449438202247191,0.44204737732666377,0.416666666666864,0.3697191011235955,51,T
51-4031.00,"Cutting, Punching, and Press Machine Setters, Operators, and Tenders, Metal and Plastic",35.0,0.3451776649746192,20.0,0.6666666666664693,20.0,0.33333333333372805,20.0,0.5,25.0,0.20666666666666672,42.50000000000001,0.36516853932584276,0.5059221658205443,0.416666666666864,0.28591760299625474,51,T
51-4032.00,"Drilling and Boring Machine Tool Setters, Operators, and Tenders, Metal and Plastic",71.0,0.7106598984771573,20.0,0.6666666666664693,20.0,0.33333333333372805,19.997999999999998,0.24999999999977796,28.000000000000004,0.24666666666666676,57.75,0.5365168539325843,0.6886632825718133,0.291666666666753,0.3915917602996255,51,T
51-4033.00,"Grinding, Lapping, Polishing, and Buffing Machine Tool Setters, Operators, and Tenders, Metal and Plastic",49.5,0.4923857868020304,20.0,0.6666666666664693,20.0,0.33333333333372805,20.0,0.5,25.0,0.20666666666666672,33.5,0.2640449438202247,0.5795262267342498,0.416666666666864,0.2353558052434457,51,T
51-4034.00,"Lathe and Turning Machine Tool Setters, Operators, and Tenders, Metal and Plastic",75.0,0.7512690355329948,20.0,0.6666666666664693,20.002,0.666666666666864,19.997999999999998,0.24999999999977796,25.0,0.20666666666666672,64.5,0.6123595505617978,0.7089678510997321,0.458333333333321,0.4095131086142323,51,T
51-4035.00,"Milling and Planing Machine Setters, Operators, and Tenders, Metal and Plastic",61.75000000000001,0.616751269035533,20.0,0.6666666666664693,20.0,0.33333333333372805,19.998,0.25000000000022204,31.25,0.29000000000000004,51.5,0.46629213483146065,0.6417089678510012,0.29166666666697505,0.3781460674157303,51,T
51-4041.00,Machinists,59.0,0.5888324873096445,20.002,0.9999999999994079,20.0,0.33333333333372805,19.997999999999998,0.24999999999977796,40.5,0.4133333333333334,47.75,0.4241573033707865,0.7944162436545262,0.291666666666753,0.41874531835205997,51,T
51-4051.00,Metal-Refining Furnace Operators and Tenders,39.24999999999999,0.3883248730964466,20.0,0.6666666666664693,20.0,0.33333333333372805,20.0,0.5,28.000000000000004,0.24666666666666676,49.0,0.43820224719101125,0.527495769881458,0.416666666666864,0.342434456928839,51,T
51-4052.00,"Pourers and Casters, Metal",41.5,0.4111675126903553,20.002000000000002,1.0,20.0,0.33333333333372805,19.998,0.25000000000022204,25.0,0.20666666666666672,36.25000000000001,0.29494382022471916,0.7055837563451777,0.29166666666697505,0.25080524344569294,51,T
51-4061.00,"Model Makers, Metal and Plastic",50.0,0.4974619289340101,19.998,0.3333333333335307,19.999999999999996,0.333333333333136,20.0,0.5,40.5,0.4133333333333334,70.0,0.6741573033707865,0.4153976311337704,0.416666666666568,0.54374531835206,51,T
51-4062.00,"Patternmakers, Metal and Plastic",53.75,0.5355329949238578,20.0,0.6666666666664693,20.002000000000002,0.6666666666674561,20.000000000000004,0.5000000000004441,40.5,0.4133333333333334,59.75,0.5589887640449438,0.6010998307951636,0.5833333333339501,0.48616104868913856,51,T
51-4071.00,Foundry Mold and Coremakers,17.5,0.16751269035532992,20.0,0.6666666666664693,20.0,0.33333333333372805,20.0,0.5,25.0,0.20666666666666672,32.25,0.25,0.4170896785108996,0.416666666666864,0.22833333333333336,51,T
51-4072.00,"Molding, Coremaking, and Casting Machine Setters, Operators, and Tenders, Metal and Plastic",39.75,0.39340101522842635,19.997999999999998,0.3333333333329386,20.0,0.33333333333372805,19.998,0.25000000000022204,28.000000000000004,0.24666666666666676,34.5,0.2752808988764045,0.36336717428068244,0.29166666666697505,0.2609737827715356,51,T
51-4081.00,"Multiple Machine Tool Setters, Operators, and Tenders, Metal and Plastic",63.74999999999999,0.6370558375634516,20.0,0.6666666666664693,20.0,0.33333333333372805,19.997999999999998,0.24999999999977796,40.5,0.4133333333333334,68.25,0.6544943820224719,0.6518612521149605,0.291666666666753,0.5339138576779027,51,T
51-4111.00,Tool and Die Makers,62.0,0.6192893401015227,20.0,0.6666666666664693,20.0,0.33333333333372805,20.002000000000002,0.750000000000222,43.75,0.45666666666666667,69.25,0.6657303370786517,0.642978003383996,0.541666666666975,0.5611985018726592,51,T
51-4121.00,"Welders, Cutters, Solderers, and Brazers",28.500000000000004,0.27918781725888325,20.002000000000002,1.0,20.0,0.33333333333372805,20.0,0.5,28.000000000000004,0.24666666666666676,41.25,0.351123595505618,0.6395939086294417,0.416666666666864,0.2988951310861424,51,T
51-4122.00,"Welding, Soldering, and Brazing Machine Setters, Operators, and Tenders",40.5,0.40101522842639586,20.0,0.6666666666664693,20.0,0.33333333333372805,20.002000000000002,0.750000000000222,28.000000000000004,0.24666666666666676,64.75,0.6151685393258427,0.5338409475464326,0.541666666666975,0.4309176029962547,51,T
51-4191.00,"Heat Treating Equipment Setters, Operators, and Tenders, Metal and Plastic",57.49999999999999,0.5736040609137054,20.0,0.6666666666664693,20.0,0.33333333333372805,20.0,0.5,25.0,0.20666666666666672,36.0,0.29213483146067415,0.6201353637900874,0.416666666666864,0.24940074906367043,51,T
51-4192.00,"Layout Workers, Metal and Plastic",29.500000000000004,0.2893401015228426,20.0,0.6666666666664693,20.0,0.33333333333372805,20.002000000000002,0.750000000000222,37.5,0.3733333333333334,61.5,0.5786516853932584,0.478003384094656,0.541666666666975,0.4759925093632959,51,T
51-4193.00,"Plating Machine Setters, Operators, and Tenders, Metal and Plastic",27.749999999999996,0.27157360406091363,19.997999999999998,0.3333333333329386,20.0,0.33333333333372805,19.998,0.25000000000022204,31.25,0.29000000000000004,56.25,0.5196629213483146,0.30245346869692613,0.29166666666697505,0.4048314606741573,51,T
51-4194.00,"Tool Grinders, Filers, and Sharpeners",54.50000000000001,0.5431472081218274,20.0,0.6666666666664693,20.0,0.33333333333372805,20.0,0.5,34.5,0.33333333333333337,51.74999999999999,0.46910112359550554,0.6049069373941484,0.416666666666864,0.40121722846441943,51,T
51-5111.00,Prepress Technicians and Workers,89.99999999999999,0.9035532994923855,20.0,0.6666666666664693,20.0,0.33333333333372805,20.0,0.5,40.5,0.4133333333333334,74.5,0.7247191011235955,0.7851099830794275,0.416666666666864,0.5690262172284645,51,T
51-5112.00,Printing Press Operators,58.75,0.5862944162436547,20.0,0.6666666666664693,20.0,0.33333333333372805,20.0,0.5,34.5,0.33333333333333337,63.24999999999999,0.598314606741573,0.626480541455062,0.416666666666864,0.4658239700374532,51,T
51-5113.00,Print Binding and Finishing Workers,45.75,0.45431472081218266,20.002000000000002,1.0,20.0,0.33333333333372805,19.999999999999996,0.4999999999995559,34.5,0.33333333333333337,51.24999999999999,0.46348314606741564,0.7271573604060914,0.416666666666642,0.39840823970037453,51,T
51-6011.00,Laundry and Dry-Cleaning Workers,24.75,0.2411167512690355,20.0,0.6666666666664693,20.0,0.33333333333372805,20.0,0.5,25.0,0.20666666666666672,26.749999999999996,0.18820224719101122,0.45389170896775244,0.416666666666864,0.197434456928839,51,T
51-6021.00,"Pressers, Textile, Garment, and Related Materials",26.5,0.2588832487309644,20.0,0.6666666666664693,20.002000000000002,0.6666666666674561,20.0,0.5,21.999999999999996,0.16666666666666666,43.50000000000001,0.37640449438202256,0.4627749576987169,0.583333333333728,0.2715355805243446,51,T
51-6031.00,Sewing Machine Operators,21.500000000000004,0.20812182741116753,20.0,0.6666666666664693,20.0,0.33333333333372805,20.002000000000002,0.750000000000222,18.75,0.12333333333333338,34.75,0.27808988764044945,0.43739424703881846,0.541666666666975,0.2007116104868914,51,T
51-6041.00,Shoe and Leather Workers and Repairers,34.0,0.33502538071065985,20.0,0.6666666666664693,20.0,0.33333333333372805,19.997999999999998,0.24999999999977796,31.25,0.29000000000000004,57.49999999999999,0.5337078651685393,0.5008460236885646,0.291666666666753,0.41185393258426967,51,T
51-6042.00,Shoe Machine Operators and Tenders,49.25000000000001,0.48984771573604063,20.000000000000004,0.6666666666670614,20.0,0.33333333333372805,20.0,0.5,28.000000000000004,0.24666666666666676,53.75,0.49157303370786515,0.5782571912015511,0.416666666666864,0.36911985018726595,51,T
51-6051.00,"Sewers, Hand",38.24999999999999,0.37817258883248717,20.002000000000002,1.0,19.998,5.921189464667277e-13,20.0,0.5,34.5,0.33333333333333337,51.24999999999999,0.46348314606741564,0.6890862944162436,0.25000000000029604,0.39840823970037453,51,T
51-6052.00,"Tailors, Dressmakers, and Custom Sewers",9.999999999999998,0.09137055837563447,20.002000000000002,1.0,20.0,0.33333333333372805,20.0,0.5,50.0,0.54,63.74999999999999,0.6039325842696628,0.5456852791878173,0.416666666666864,0.5719662921348314,51,T
51-6061.00,Textile Bleaching and Dyeing Machine Operators and Tenders,49.75000000000001,0.4949238578680203,20.0,0.6666666666664693,19.998,5.921189464667277e-13,19.998,0.25000000000022204,34.5,0.33333333333333337,42.25,0.36235955056179775,0.5807952622672448,0.1250000000004071,0.34784644194756553,51,T
51-6062.00,"Textile Cutting Machine Setters, Operators, and Tenders",51.24999999999999,0.5101522842639592,20.0,0.6666666666664693,20.002,0.666666666666864,20.002,0.749999999999778,25.0,0.20666666666666672,43.25,0.37359550561797755,0.5884094754652143,0.708333333333321,0.29013108614232214,51,T
51-6063.00,"Textile Knitting and Weaving Machine Setters, Operators, and Tenders",40.25,0.398477157360406,20.002000000000002,1.0,20.0,0.33333333333372805,19.998,0.25000000000022204,28.000000000000004,0.24666666666666676,47.5,0.42134831460674155,0.699238578680203,0.29166666666697505,0.33400749063670415,51,T
51-6064.00,"Textile Winding, Twisting, and Drawing Out Machine Setters, Operators, and Tenders",35.75000000000001,0.35279187817258884,20.0,0.6666666666664693,20.0,0.33333333333372805,19.998,0.25000000000022204,25.0,0.20666666666666672,35.5,0.28651685393258425,0.509729272419529,0.29166666666697505,0.24659176029962548,51,T
51-6091.00,"Extruding and Forming Machine Setters, Operators, and Tenders, Synthetic and Glass Fibers",41.75,0.41370558375634514,20.0,0.6666666666664693,20.0,0.33333333333372805,20.002000000000002,0.750000000000222,31.25,0.29000000000000004,46.25,0.40730337078651685,0.5401861252114073,0.541666666666975,0.3486516853932584,51,T
51-6092.00,Fabric and Apparel Patternmakers,68.25,0.6827411167512689,20.0,0.6666666666664693,20.002000000000002,0.6666666666674561,19.998,0.25000000000022204,68.75,0.79,73.0,0.7078651685393258,0.6747038917088691,0.4583333333338391,0.7489325842696629,51,T
51-6093.00,Upholsterers,32.25,0.3172588832487309,20.002000000000002,1.0,20.0,0.33333333333372805,20.0,0.5,50.0,0.54,62.5,0.5898876404494382,0.6586294416243654,0.416666666666864,0.5649438202247191,51,T
51-7011.00,Cabinetmakers and Bench Carpenters,21.999999999999996,0.21319796954314715,20.0,0.6666666666664693,19.997999999999998,0.0,20.0,0.5,47.0,0.5,59.0,0.550561797752809,0.43993231810480826,0.25,0.5252808988764045,51,T
51-7021.00,Furniture Finishers,38.74999999999999,0.3832487309644669,20.0,0.6666666666664693,20.0,0.33333333333372805,19.998,0.25000000000022204,47.0,0.5,66.0,0.6292134831460674,0.524957698815468,0.29166666666697505,0.5646067415730337,51,T
51-7031.00,"Model Makers, Wood",27.500000000000004,0.26903553299492383,20.0,0.6666666666664693,19.997999999999998,0.0,20.0,0.5,53.0,0.58,71.0,0.6853932584269663,0.4678510998306966,0.25,0.6326966292134831,51,T
51-7032.00,"Patternmakers, Wood",51.74999999999999,0.5152284263959389,20.0,0.6666666666664693,20.0,0.33333333333372805,20.0,0.5,47.0,0.5,83.5,0.8258426966292135,0.5909475465312042,0.416666666666864,0.6629213483146068,51,T
51-7041.00,"Sawing Machine Setters, Operators, and Tenders, Wood",24.5,0.23857868020304565,20.0,0.6666666666664693,20.002,0.666666666666864,20.0,0.5,21.999999999999996,0.16666666666666666,36.75000000000001,0.30056179775280906,0.4526226734347575,0.5833333333334321,0.23361423220973787,51,T
51-7042.00,"Woodworking Machine Setters, Operators, and Tenders, Except Sawing",25.249999999999993,0.24619289340101513,20.0,0.6666666666664693,20.002,0.666666666666864,19.998,0.25000000000022204,25.0,0.20666666666666672,41.75,0.35674157303370785,0.45642978003374224,0.45833333333354304,0.2817041198501873,51,T
51-8011.00,Nuclear Power Reactor Operators,66.0,0.6598984771573603,20.0,0.6666666666664693,20.0,0.33333333333372805,20.0,0.5,50.0,0.54,39.5,0.33146067415730335,0.6632825719119149,0.416666666666864,0.4357303370786517,51,T
51-8012.00,Power Distributors and Dispatchers,86.75,0.8705583756345177,20.0,0.6666666666664693,20.0,0.33333333333372805,20.0,0.5,40.5,0.4133333333333334,47.5,0.42134831460674155,0.7686125211504935,0.416666666666864,0.41734082397003747,51,T
51-8013.00,Power Plant Operators,55.75,0.5558375634517766,20.0,0.6666666666664693,19.998,5.921189464667277e-13,20.0,0.5,37.5,0.3733333333333334,57.49999999999999,0.5337078651685393,0.611252115059123,0.25000000000029604,0.45352059925093635,51,T
51-8013.03,Biomass Plant Technicians,59.75,0.5964467005076142,19.997999999999998,0.3333333333329386,20.002,0.666666666666864,20.0,0.5,43.75,0.45666666666666667,44.25,0.3848314606741573,0.46489001692027637,0.5833333333334321,0.420749063670412,51,T
51-8013.04,Hydroelectric Plant Technicians,56.25,0.5609137055837563,20.0,0.6666666666664693,20.0,0.33333333333372805,20.002000000000002,0.750000000000222,37.5,0.3733333333333334,62.0,0.5842696629213483,0.6137901861251128,0.541666666666975,0.47880149812734085,51,T
51-8021.00,Stationary Engineers and Boiler Operators,66.75,0.6675126903553299,20.002,0.9999999999994079,19.998,5.921189464667277e-13,20.000000000000004,0.5000000000004441,34.5,0.33333333333333337,65.75,0.6264044943820225,0.8337563451773689,0.2500000000005181,0.47986891385767794,51,T
51-8031.00,Water and Wastewater Treatment Plant and System Operators,63.5,0.6345177664974618,20.0,0.6666666666664693,19.997999999999998,0.0,20.002000000000002,0.750000000000222,25.0,0.20666666666666672,48.0,0.42696629213483145,0.6505922165819655,0.375000000000111,0.3168164794007491,51,T
51-8091.00,Chemical Plant and System Operators,65.0,0.649746192893401,20.0,0.6666666666664693,20.0,0.33333333333372805,20.003999999999998,0.9999999999995559,28.000000000000004,0.24666666666666676,18.25,0.09269662921348316,0.6582064297799352,0.666666666666642,0.16968164794007495,51,T
51-8092.00,Gas Plant Operators,65.25,0.6522842639593908,20.0,0.6666666666664693,19.997999999999998,0.0,20.002,0.749999999999778,31.25,0.29000000000000004,50.0,0.449438202247191,0.65947546531293,0.374999999999889,0.3697191011235955,51,T
51-8093.00,"Petroleum Pump System Operators, Refinery Operators, and Gaugers",45.25,0.449238578680203,20.0,0.6666666666664693,20.0,0.33333333333372805,19.997999999999998,0.24999999999977796,34.5,0.33333333333333337,32.25,0.25,0.5579526226733362,0.291666666666753,0.2916666666666667,51,T
51-8099.01,Biofuels Processing Technicians,68.0,0.6802030456852791,20.0,0.6666666666664693,20.0,0.33333333333372805,20.0,0.5,37.5,0.3733333333333334,42.25,0.36235955056179775,0.6734348561758743,0.416666666666864,0.36784644194756555,51,T
51-9011.00,Chemical Equipment Operators and Tenders,61.5,0.6142131979695431,20.002000000000002,1.0,19.998,5.921189464667277e-13,20.002000000000002,0.750000000000222,31.25,0.29000000000000004,39.75,0.3342696629213483,0.8071065989847716,0.37500000000040706,0.31213483146067417,51,T
51-9012.00,"Separating, Filtering, Clarifying, Precipitating, and Still Machine Setters, Operators, and Tenders",54.50000000000001,0.5431472081218274,20.0,0.6666666666664693,19.998,5.921189464667277e-13,20.002000000000002,0.750000000000222,28.000000000000004,0.24666666666666676,45.25,0.3960674157303371,0.6049069373941484,0.37500000000040706,0.3213670411985019,51,T
51-9021.00,"Crushing, Grinding, and Polishing Machine Setters, Operators, and Tenders",50.5,0.5025380710659898,20.002000000000002,1.0,19.997999999999998,0.0,20.0,0.5,21.999999999999996,0.16666666666666666,26.5,0.1853932584269663,0.751269035532995,0.25,0.17602996254681647,51,T
51-9022.00,"Grinding and Polishing Workers, Hand",55.50000000000001,0.5532994923857868,20.0,0.6666666666664693,20.0,0.33333333333372805,20.0,0.5,43.75,0.45666666666666667,95.0,0.9550561797752809,0.6099830795261281,0.416666666666864,0.7058614232209738,51,T
51-9023.00,"Mixing and Blending Machine Setters, Operators, and Tenders",38.5,0.3807106598984771,20.002,0.9999999999994079,20.0,0.33333333333372805,20.0,0.5,25.0,0.20666666666666672,41.5,0.3539325842696629,0.6903553299489424,0.416666666666864,0.2802996254681648,51,T
51-9031.00,"Cutters and Trimmers, Hand",25.249999999999993,0.24619289340101513,20.0,0.6666666666664693,20.0,0.33333333333372805,20.0,0.5,25.0,0.20666666666666672,35.25,0.28370786516853935,0.45642978003374224,0.416666666666864,0.24518726591760304,51,T
51-9032.00,"Cutting and Slicing Machine Setters, Operators, and Tenders",45.75,0.45431472081218266,19.998,0.3333333333335307,20.0,0.33333333333372805,20.002,0.749999999999778,25.0,0.20666666666666672,43.50000000000001,0.37640449438202256,0.3938240270728567,0.541666666666753,0.29153558052434464,51,T
51-9041.00,"Extruding, Forming, Pressing, and Compacting Machine Setters, Operators, and Tenders",66.5,0.66497461928934,20.0,0.6666666666664693,20.0,0.33333333333372805,20.002,0.749999999999778,28.000000000000004,0.24666666666666676,46.5,0.4101123595505618,0.6658206429779047,0.541666666666753,0.3283895131086143,51,T
51-9051.00,"Furnace, Kiln, Oven, Drier, and Kettle Operators and Tenders",44.75,0.4441624365482233,20.002000000000002,1.0,20.000000000000004,0.3333333333343202,20.002,0.749999999999778,25.0,0.20666666666666672,39.75,0.3342696629213483,0.7220812182741116,0.5416666666670491,0.2704681647940075,51,T
51-9061.00,"Inspectors, Testers, Sorters, Samplers, and Weighers",57.25,0.5710659898477156,20.0,0.6666666666664693,19.998,5.921189464667277e-13,20.0,0.5,31.25,0.29000000000000004,46.75,0.41292134831460675,0.6188663282570925,0.25000000000029604,0.3514606741573034,51,T
51-9071.00,Jewelers and Precious Stone and Metal Workers,47.0,0.46700507614213194,20.0,0.6666666666664693,20.0,0.33333333333372805,19.999999999999996,0.4999999999995559,53.0,0.58,84.5,0.8370786516853933,0.5668358714043007,0.416666666666642,0.7085393258426966,51,T
51-9071.06,Gem and Diamond Workers,28.000000000000004,0.27411167512690354,20.0,0.6666666666664693,20.0,0.33333333333372805,20.000000000000004,0.5000000000004441,37.5,0.3733333333333334,65.0,0.6179775280898876,0.4703891708966864,0.41666666666708607,0.4956554307116105,51,T
51-9081.00,Dental Laboratory Technicians,48.5,0.482233502538071,20.0,0.6666666666664693,19.998,5.921189464667277e-13,20.0,0.5,40.5,0.4133333333333334,83.5,0.8258426966292135,0.5744500846022702,0.25000000000029604,0.6195880149812735,51,T
51-9082.00,Medical Appliance Technicians,39.75,0.39340101522842635,20.0,0.6666666666664693,20.0,0.33333333333372805,20.0,0.5,50.0,0.54,64.5,0.6123595505617978,0.5300338409474479,0.416666666666864,0.5761797752808989,51,T
51-9083.00,Ophthalmic Laboratory Technicians,58.5,0.5837563451776648,20.002,0.9999999999994079,20.0,0.33333333333372805,20.0,0.5,28.000000000000004,0.24666666666666676,31.999999999999996,0.24719101123595505,0.7918781725885364,0.416666666666864,0.2469288389513109,51,T
51-9111.00,Packaging and Filling Machine Operators and Tenders,46.25,0.45939086294416237,20.002000000000002,1.0,20.0,0.33333333333372805,20.0,0.5,28.000000000000004,0.24666666666666676,55.50000000000001,0.5112359550561798,0.7296954314720812,0.416666666666864,0.3789513108614233,51,T
51-9123.00,"Painting, Coating, and Decorating Workers",11.75,0.10913705583756343,20.0,0.6666666666664693,20.0,0.33333333333372805,20.002000000000002,0.750000000000222,31.25,0.29000000000000004,45.49999999999999,0.39887640449438194,0.38790186125201637,0.541666666666975,0.344438202247191,51,T
51-9124.00,"Coating, Painting, and Spraying Machine Setters, Operators, and Tenders",39.75,0.39340101522842635,20.0,0.6666666666664693,20.0,0.33333333333372805,20.0,0.5,25.0,0.20666666666666672,35.75000000000001,0.2893258426966293,0.5300338409474479,0.416666666666864,0.24799625468164802,51,T
51-9141.00,Semiconductor Processing Technicians,68.75,0.6878172588832486,19.998,0.3333333333335307,20.002000000000002,0.6666666666674561,20.0,0.5,34.5,0.33333333333333337,48.5,0.43258426966292135,0.5105752961083897,0.583333333333728,0.38295880149812733,51,T
51-9151.00,Photographic Process Workers and Processing Machine Operators,84.74999999999999,0.8502538071065987,19.998,0.3333333333335307,20.002000000000002,0.6666666666674561,19.998,0.25000000000022204,43.75,0.45666666666666667,64.75,0.6151685393258427,0.5917935702200647,0.4583333333338391,0.5359176029962547,51,T
51-9161.00,Computer Numerically Controlled Tool Operators,69.75,0.697969543147208,20.0,0.6666666666664693,20.0,0.33333333333372805,20.0,0.5,43.75,0.45666666666666667,45.49999999999999,0.39887640449438194,0.6823181049068388,0.416666666666864,0.4277715355805243,51,T
51-9162.00,Computer Numerically Controlled Tool Programmers,94.75,0.9517766497461928,20.0,0.6666666666664693,20.0,0.33333333333372805,20.0,0.5,43.75,0.45666666666666667,68.0,0.651685393258427,0.8092216582063311,0.416666666666864,0.5541760299625469,51,T
51-9191.00,Adhesive Bonding Machine Operators and Tenders,46.0,0.4568527918781725,20.0,0.6666666666664693,19.997999999999998,0.0,20.0,0.5,25.0,0.20666666666666672,30.000000000000004,0.22471910112359558,0.5617597292723209,0.25,0.21569288389513114,51,T
51-9192.00,"Cleaning, Washing, and Metal Pickling Equipment Operators and Tenders",60.5,0.6040609137055837,19.997999999999998,0.3333333333329386,20.002,0.666666666666864,20.0,0.5,21.999999999999996,0.16666666666666666,32.99999999999999,0.25842696629213474,0.4686971235192611,0.5833333333334321,0.2125468164794007,51,T
51-9193.00,Cooling and Freezing Equipment Operators and Tenders,59.25,0.5913705583756345,20.0,0.6666666666664693,20.0,0.33333333333372805,20.0,0.5,34.5,0.33333333333333337,39.75,0.3342696629213483,0.629018612521052,0.416666666666864,0.33380149812734083,51,T
51-9194.00,Etchers and Engravers,61.0,0.6091370558375634,20.0,0.6666666666664693,20.0,0.33333333333372805,20.0,0.5,40.5,0.4133333333333334,63.0,0.5955056179775281,0.6379018612520164,0.416666666666864,0.5044194756554308,51,T
51-9195.03,"Stone Cutters and Carvers, Manufacturing",60.0,0.598984771573604,20.0,0.6666666666664693,20.0,0.33333333333372805,20.0,0.5,43.75,0.45666666666666667,76.25,0.7443820224719101,0.6328257191200366,0.416666666666864,0.6005243445692884,51,T
51-9195.04,"Glass Blowers, Molders, Benders, and Finishers",49.75000000000001,0.4949238578680203,20.0,0.6666666666664693,20.0,0.33333333333372805,19.998,0.25000000000022204,43.75,0.45666666666666667,45.25,0.3960674157303371,0.5807952622672448,0.29166666666697505,0.4263670411985019,51,T
51-9195.05,"Potters, Manufacturing",28.000000000000004,0.27411167512690354,20.0,0.6666666666664693,19.998,5.921189464667277e-13,20.000000000000004,0.5000000000004441,53.0,0.58,78.0,0.7640449438202247,0.4703891708966864,0.2500000000005181,0.6720224719101123,51,T
51-9196.00,"Paper Goods Machine Setters, Operators, and Tenders",33.25,0.3274111675126903,20.0,0.6666666666664693,19.998,5.921189464667277e-13,19.998,0.25000000000022204,31.25,0.29000000000000004,53.25,0.4859550561797753,0.4970389170895798,0.1250000000004071,0.38797752808988767,51,T
51-9197.00,Tire Builders,49.5,0.4923857868020304,19.998,0.3333333333335307,20.0,0.33333333333372805,20.0,0.5,25.0,0.20666666666666672,51.0,0.4606741573033708,0.4128595600677806,0.416666666666864,0.3336704119850188,51,T
51-9198.00,Helpers--Production Workers,40.5,0.40101522842639586,19.998,0.3333333333335307,20.0,0.33333333333372805,19.997999999999998,0.24999999999977796,21.999999999999996,0.16666666666666666,33.25,0.2612359550561798,0.3671742808799633,0.291666666666753,0.21395131086142322,51,T
